"b""RT @KittyHannahEden: Because I live in the U.S. now, I'm angry. A LOT. \xf0\x9f\x98\xa4\n\nTurns out #anger is quite useful when battling #depression... \n\nh\xe2\x80\xa6"""
b'RT @Bonoboville: The #TrumpCircus \xf0\x9f\xa4\xa1 got you down? \xf0\x9f\x98\xad\n#Angry \xf0\x9f\x98\xa1 about the #TrumpPutinSummit? \xf0\x9f\x87\xb7\xf0\x9f\x87\xba \n#Appalled \xf0\x9f\x98\xb2 by #TrumpTreason? \xf0\x9f\x99\x8a\nNothing kills\xe2\x80\xa6'
b'I\xe2\x80\x99m standing with a group of @marilynmanson and @RobZombie fans - I don\xe2\x80\x99t fit in but they\xe2\x80\x99re so much fun!! Everyone\xe2\x80\xa6 https://t.co/cLEubxkSj7'
"b'RT @RealJudgeLynn: Don\xe2\x80\x99t get #angry when annoyed will do\xe2\x80\xa6 Don\xe2\x80\x99t get nasty when unpersuaded will suffice. Remember, the person who gets the\xe2\x80\xa6'"
"b""RT @kidlutions: Punishment doesn't help when kids are #angry. This does: https://t.co/BrUFuwAJyr #freebie https://t.co/dBZuQR1mZq"""
"b'RT @RealJudgeLynn: Don\xe2\x80\x99t get #angry when annoyed will do\xe2\x80\xa6 Don\xe2\x80\x99t get nasty when unpersuaded will suffice. Remember, the person who gets the\xe2\x80\xa6'"
b'RT @RaqiyahMays: Peace and love to @ChikesiaClemons found guilty tonight after being assaulted by the police at Waffle House. This is OUTRA\xe2\x80\xa6'
"b'RT @RealJudgeLynn: Don\xe2\x80\x99t get #angry when annoyed will do\xe2\x80\xa6 Don\xe2\x80\x99t get nasty when unpersuaded will suffice. Remember, the person who gets the\xe2\x80\xa6'"
"b'RT @RealJudgeLynn: Don\xe2\x80\x99t get #angry when annoyed will do\xe2\x80\xa6 Don\xe2\x80\x99t get nasty when unpersuaded will suffice. Remember, the person who gets the\xe2\x80\xa6'"
"b'RT @RealJudgeLynn: Don\xe2\x80\x99t get #angry when annoyed will do\xe2\x80\xa6 Don\xe2\x80\x99t get nasty when unpersuaded will suffice. Remember, the person who gets the\xe2\x80\xa6'"
"b""Did I mean nothing to you ? Are you as upset as i am or do you not care at all ?!?! I just don't understand #sad\xe2\x80\xa6 https://t.co/Jr4JHHGySa"""
b'My life... I lost my cousin today . The first cousin I ever lost. That makes 3 family members in 4 weeks ! I can\xe2\x80\x99t\xe2\x80\xa6 https://t.co/9nkArVRomj'
b'RT @nzdrug: We are lost for words: why is there such an indifferent response to synthetic cannabinoid-related deaths?? #angry #sad https://\xe2\x80\xa6'
b'Burying your parents is the natural order of things. Just not both in 30 days. #Frustrated #Angry'
b'RT @DeborahLombard2: @GartrellLinda @RealMAGASteve Why does it feel like we are losing all of our basic rights?  This is ridiculous!  Why a\xe2\x80\xa6'
b'RT @DeborahLombard2: @GartrellLinda @RealMAGASteve Why does it feel like we are losing all of our basic rights?  This is ridiculous!  Why a\xe2\x80\xa6'
"b'RT @RealJudgeLynn: Don\xe2\x80\x99t get #angry when annoyed will do\xe2\x80\xa6 Don\xe2\x80\x99t get nasty when unpersuaded will suffice. Remember, the person who gets the\xe2\x80\xa6'"
b'RT @DeborahLombard2: @GartrellLinda @RealMAGASteve Why does it feel like we are losing all of our basic rights?  This is ridiculous!  Why a\xe2\x80\xa6'
b'@GartrellLinda @RealMAGASteve Why does it feel like we are losing all of our basic rights?  This is ridiculous!  Wh\xe2\x80\xa6 https://t.co/xffaYqVMcK'
"b'RT @RealJudgeLynn: Don\xe2\x80\x99t get #angry when annoyed will do\xe2\x80\xa6 Don\xe2\x80\x99t get nasty when unpersuaded will suffice. Remember, the person who gets the\xe2\x80\xa6'"
b'The #World poked at me big #time today! I got so #worked up.. so flustered and #angry. It showed me that I need to\xe2\x80\xa6 https://t.co/yGRtugFEcA'
"b'RT @RealJudgeLynn: Don\xe2\x80\x99t get #angry when annoyed will do\xe2\x80\xa6 Don\xe2\x80\x99t get nasty when unpersuaded will suffice. Remember, the person who gets the\xe2\x80\xa6'"
"b""When you build up #trust with someone and you give them a #roof over their #heAd they then think it's fine to #walk\xe2\x80\xa6 https://t.co/yGtVBXX46M"""
b'@cityofplanotx I am a city of Plano employee.. and the taxes taken out of my check are way to high and I\xe2\x80\x99m tired of it #angry \xf0\x9f\xa4\xac'
"b""I'm not #deranged. I'm #angry for a ton of reasons.\n#Trump #supporters only care about #money &amp; they don't want to\xe2\x80\xa6 https://t.co/5X6MjlZQwM"""
"b'RT @RealJudgeLynn: Don\xe2\x80\x99t get #angry when annoyed will do\xe2\x80\xa6 Don\xe2\x80\x99t get nasty when unpersuaded will suffice. Remember, the person who gets the\xe2\x80\xa6'"
"b'RT @RealJudgeLynn: Don\xe2\x80\x99t get #angry when annoyed will do\xe2\x80\xa6 Don\xe2\x80\x99t get nasty when unpersuaded will suffice. Remember, the person who gets the\xe2\x80\xa6'"
b'RT @Bear_hunt: https://t.co/xRXV62pHN5 you can use it with the #other #angry #birds #stuff #around the #house. this is #especially good #be\xe2\x80\xa6'
b'@TreeBurns25 @AnthonyJSchulz @NBCConnecticut I don\xe2\x80\x99t want to be tagged in any fb losing money things i\xe2\x80\x99m #angry and confusion'
b'RT @Bonoboville: The #TrumpCircus \xf0\x9f\xa4\xa1 got you down? \xf0\x9f\x98\xad\n#Angry \xf0\x9f\x98\xa1 about the #TrumpPutinSummit? \xf0\x9f\x87\xb7\xf0\x9f\x87\xba \n#Appalled \xf0\x9f\x98\xb2 by #TrumpTreason? \xf0\x9f\x99\x8a\nNothing kills\xe2\x80\xa6'
"b'RT @RealJudgeLynn: Don\xe2\x80\x99t get #angry when annoyed will do\xe2\x80\xa6 Don\xe2\x80\x99t get nasty when unpersuaded will suffice. Remember, the person who gets the\xe2\x80\xa6'"
"b'RT @RealJudgeLynn: Don\xe2\x80\x99t get #angry when annoyed will do\xe2\x80\xa6 Don\xe2\x80\x99t get nasty when unpersuaded will suffice. Remember, the person who gets the\xe2\x80\xa6'"
"b'RT @RealJudgeLynn: Don\xe2\x80\x99t get #angry when annoyed will do\xe2\x80\xa6 Don\xe2\x80\x99t get nasty when unpersuaded will suffice. Remember, the person who gets the\xe2\x80\xa6'"
b'#Angry thoughts put ppl in boxes.\n\nWe often label ppl when we get angry. #Labels become boxes that block our flexib\xe2\x80\xa6 https://t.co/HzhDYi1fiA'
b'@ABCPolitics @ajdukakis This guy is completely out there. . .watch his last presser. #Angry'
"b'RT @RealJudgeLynn: Don\xe2\x80\x99t get #angry when annoyed will do\xe2\x80\xa6 Don\xe2\x80\x99t get nasty when unpersuaded will suffice. Remember, the person who gets the\xe2\x80\xa6'"
"b'RT @RealJudgeLynn: Don\xe2\x80\x99t get #angry when annoyed will do\xe2\x80\xa6 Don\xe2\x80\x99t get nasty when unpersuaded will suffice. Remember, the person who gets the\xe2\x80\xa6'"
b'@Robin_Volpi \n\n#Angry #Nasty #Combative #Rude #Argumentative #Lying #SarahSanders JUST GOT RIPPED ANOTHER AZZHOLE!\xe2\x80\xa6 https://t.co/a3I4WgLvQr'
"b'RT @RealJudgeLynn: Don\xe2\x80\x99t get #angry when annoyed will do\xe2\x80\xa6 Don\xe2\x80\x99t get nasty when unpersuaded will suffice. Remember, the person who gets the\xe2\x80\xa6'"
b'RT @wolfedir: RQ from day before yesterday for someone on FB\n\n#angry #lynx #anthro https://t.co/wbh8JYTm12'
b'RT @nzdrug: We are lost for words: why is there such an indifferent response to synthetic cannabinoid-related deaths?? #angry #sad https://\xe2\x80\xa6'
b'RQ from day before yesterday for someone on FB\n\n#angry #lynx #anthro https://t.co/wbh8JYTm12'
b'RT @nzdrug: We are lost for words: why is there such an indifferent response to synthetic cannabinoid-related deaths?? #angry #sad https://\xe2\x80\xa6'
b'We are lost for words: why is there such an indifferent response to synthetic cannabinoid-related deaths?? #angry\xe2\x80\xa6 https://t.co/10m0BvLM5N'
"b'RT @RealJudgeLynn: Don\xe2\x80\x99t get #angry when annoyed will do\xe2\x80\xa6 Don\xe2\x80\x99t get nasty when unpersuaded will suffice. Remember, the person who gets the\xe2\x80\xa6'"
"b'RT @RealJudgeLynn: Don\xe2\x80\x99t get #angry when annoyed will do\xe2\x80\xa6 Don\xe2\x80\x99t get nasty when unpersuaded will suffice. Remember, the person who gets the\xe2\x80\xa6'"
b'Having to restart my HP PC laptop... Because the mouse keeps freezing (unrelated) but can anyone help me ? Its stil\xe2\x80\xa6 https://t.co/JpoKAZtLAx'
"b""@LIVEColourUK Thanks for the worst hair dye I've ever seen! Wanted to dye my boyfriend's hair and it went so patchy\xe2\x80\xa6 https://t.co/bPBbJm2PX0"""
"b'RT @RealJudgeLynn: Don\xe2\x80\x99t get #angry when annoyed will do\xe2\x80\xa6 Don\xe2\x80\x99t get nasty when unpersuaded will suffice. Remember, the person who gets the\xe2\x80\xa6'"
"b'RT @RealJudgeLynn: Don\xe2\x80\x99t get #angry when annoyed will do\xe2\x80\xa6 Don\xe2\x80\x99t get nasty when unpersuaded will suffice. Remember, the person who gets the\xe2\x80\xa6'"
"b'RT @RealJudgeLynn: Don\xe2\x80\x99t get #angry when annoyed will do\xe2\x80\xa6 Don\xe2\x80\x99t get nasty when unpersuaded will suffice. Remember, the person who gets the\xe2\x80\xa6'"
"b'RT @RealJudgeLynn: Don\xe2\x80\x99t get #angry when annoyed will do\xe2\x80\xa6 Don\xe2\x80\x99t get nasty when unpersuaded will suffice. Remember, the person who gets the\xe2\x80\xa6'"
b'For every minute you are #angry you #lose sixty seconds of #happiness.\nVisit:https://t.co/aS2azRpDp6 https://t.co/2K4eiNwa9p'
"b'RT @RealJudgeLynn: Don\xe2\x80\x99t get #angry when annoyed will do\xe2\x80\xa6 Don\xe2\x80\x99t get nasty when unpersuaded will suffice. Remember, the person who gets the\xe2\x80\xa6'"
"b'RT @RealJudgeLynn: Don\xe2\x80\x99t get #angry when annoyed will do\xe2\x80\xa6 Don\xe2\x80\x99t get nasty when unpersuaded will suffice. Remember, the person who gets the\xe2\x80\xa6'"
b'Is It #Good to #Sleep When #Angry? https://t.co/ZSfQsYkTmu #Good #Sleep #Angry'
"b'RT @RealJudgeLynn: Don\xe2\x80\x99t get #angry when annoyed will do\xe2\x80\xa6 Don\xe2\x80\x99t get nasty when unpersuaded will suffice. Remember, the person who gets the\xe2\x80\xa6'"
"b'RT @RealJudgeLynn: Don\xe2\x80\x99t get #angry when annoyed will do\xe2\x80\xa6 Don\xe2\x80\x99t get nasty when unpersuaded will suffice. Remember, the person who gets the\xe2\x80\xa6'"
b'RT @rayseondabeat: [FREE] Lil Pump x Smokepurpp Type Beat\nYouTube link in bio\nGO GRAB YOUR FREE MP3 NOW \xf0\x9f\x94\xa5\n\n#lilpump #lilpurpp #smokepurpp #\xe2\x80\xa6'
b'RT @rayseondabeat: [FREE] Comethazine Type Beat\nLink in bio\nGo grab your FREE MP3\n\n#lilpump #lilpurpp #smokepurpp #hard #bass #xxxtentacion\xe2\x80\xa6'
"b'RT @RealJudgeLynn: Don\xe2\x80\x99t get #angry when annoyed will do\xe2\x80\xa6 Don\xe2\x80\x99t get nasty when unpersuaded will suffice. Remember, the person who gets the\xe2\x80\xa6'"
"b'RT @RealJudgeLynn: Don\xe2\x80\x99t get #angry when annoyed will do\xe2\x80\xa6 Don\xe2\x80\x99t get nasty when unpersuaded will suffice. Remember, the person who gets the\xe2\x80\xa6'"
"b'Once again @AmazonUK  you have excelled yourselves yet another order gone... and customer service rubbish, we will\xe2\x80\xa6 https://t.co/ZsZ51CMUdT'"
"b'RT @RealJudgeLynn: Don\xe2\x80\x99t get #angry when annoyed will do\xe2\x80\xa6 Don\xe2\x80\x99t get nasty when unpersuaded will suffice. Remember, the person who gets the\xe2\x80\xa6'"
"b'RT @RealJudgeLynn: Don\xe2\x80\x99t get #angry when annoyed will do\xe2\x80\xa6 Don\xe2\x80\x99t get nasty when unpersuaded will suffice. Remember, the person who gets the\xe2\x80\xa6'"
"b'RT @RealJudgeLynn: Don\xe2\x80\x99t get #angry when annoyed will do\xe2\x80\xa6 Don\xe2\x80\x99t get nasty when unpersuaded will suffice. Remember, the person who gets the\xe2\x80\xa6'"
"b'RT @RealJudgeLynn: Don\xe2\x80\x99t get #angry when annoyed will do\xe2\x80\xa6 Don\xe2\x80\x99t get nasty when unpersuaded will suffice. Remember, the person who gets the\xe2\x80\xa6'"
"b'RT @RealJudgeLynn: Don\xe2\x80\x99t get #angry when annoyed will do\xe2\x80\xa6 Don\xe2\x80\x99t get nasty when unpersuaded will suffice. Remember, the person who gets the\xe2\x80\xa6'"
b'RT @ArleneBHeed: @gr8tjude Beyond ridiculous.  #CoryBooker #disrespects #POTUSTrump which makes me #angry.'
"b'Don\xe2\x80\x99t get #angry when annoyed will do\xe2\x80\xa6 Don\xe2\x80\x99t get nasty when unpersuaded will suffice. Remember, the person who gets\xe2\x80\xa6 https://t.co/uMjkRJ4Qw8'"
"b""and JUST so you know... THERE ARE NO ROBBERS IN MY CITY, sO i DoN't EvEn SeE tHe PoInT oF hAvInG a PeT gUaRd! there\xe2\x80\xa6 https://t.co/QhwNQLIXkE"""
b'how important human interactions are! Face to Face will always beat out social media in my eyes.  I believe in real\xe2\x80\xa6 https://t.co/McOYtzDYid'
b'Kids do yourselves a favour don\xe2\x80\x99t buy a house #goddamnsinkhole #grrrrrrr #angry'
b'Mood \xf0\x9f\x98\xa0: #mood #moody #upset #angry #emotrash #emogirl #emo #emohair #emos #emomilf #scenegirl #scenehair #scene\xe2\x80\xa6 https://t.co/kxiT0SwKbu'
b'RT @nadiaweder: @SW_Railway once again my train has been affected by strike action and yet again the bus replacement service was unreliable\xe2\x80\xa6'
b'@SW_Railway once again my train has been affected by strike action and yet again the bus replacement service was un\xe2\x80\xa6 https://t.co/nUNz2SR8I1'
b'RT @RaqiyahMays: Peace and love to @ChikesiaClemons found guilty tonight after being assaulted by the police at Waffle House. This is OUTRA\xe2\x80\xa6'
"b'@coolideas_ZA, what\xe2\x80\x99s the deal with the internet in the #Bryanston area???? Super #slow and making very #angry \xf0\x9f\x98\xa4\xf0\x9f\x98\x92'"
"b'@Se_Railway  shoddy customer service, just decide to change route as soon as doors close, 3.5hrs to get from elepha\xe2\x80\xa6 https://t.co/SFlAEbFYw3'"
b'@foe_us #Isaiah 22:8 the #Trees ghuard us... this makes me #Angry'
"b""I'll never understand people who post pictures of thier precious gorgeous children on social media.  And then conti\xe2\x80\xa6 https://t.co/eJ9vL04s8E"""
"b'@MichaelAvenatti @TuckerCarlson Hey Tucker, I think you need to add #Angry to #CreepPornLawyer'"
b'roblox servers are down.... nice!\n#Roblox #angry'
"b'Because when He does NOT get #attention, he gets #angry :)'"
b'RT @Margee11: @Ocasio2018 IS A PRODUCT OF THE DEMENTED SOCIALIST/PROGRESSIVE/COMMUNIST PARTY...\n#Shallow #Uninformed #Angry #Hate https://t\xe2\x80\xa6'
b'@Ocasio2018 IS A PRODUCT OF THE DEMENTED SOCIALIST/PROGRESSIVE/COMMUNIST PARTY...\n#Shallow #Uninformed #Angry #Hate https://t.co/p6GicmhysZ'
"b""#weekendphotomoments The mood of the #model #subject is the reflection of the #photographer. Don't even bother bein\xe2\x80\xa6 https://t.co/72AVPjvheV"""
b'The Bearded Warrior\n\n#originalcharacter #characterdesign #art #artstagram #artwork #illustration #digitalart\xe2\x80\xa6 https://t.co/LPanLB1xNd'
"b'#NowPlaying #Angry Gods - Marshfield on https://t.co/JMV45JaX7d - 24/7 riffs. Tune Low, Play Slow'"
"b""@NHSEngland hi, is this what it's come to, you sending letters about my child without the correct postage which I t\xe2\x80\xa6 https://t.co/lWe4DHoQTn"""
b'@FlySWISS 1 hour late going out to Zurich from Birmingham Monday morning. Big thanks for that. \n2 hours late on the\xe2\x80\xa6 https://t.co/QcQi2JSq00'
"b'Hi @EONhelp I called &amp; made a complaint about a serious data protection breach  on Saturday, was told you were too\xe2\x80\xa6 https://t.co/OED9pyDSAi'"
b'RT @none_the_less00: I hate this feeling... #Emptiness #MoodSwings #Angry #HoldingOn'
b'@gr8tjude Mr. #Angry @CoryBooker and the rest of the @DNC need to stop with their hateful #rhetoric just because 63\xe2\x80\xa6 https://t.co/D6yIXBfANS'
b'LOVE MY WIFE! \n#cutecouple #love #virallol #cute #couple #tagsomeone #menwillbemen #girls #chutiyapa #tagafriend\xe2\x80\xa6 https://t.co/zXwECC9fPn'
b'So True!\n.\n.\n.\n.\n.\n.\n.\n.\n#cutecouple #love #virallol #cute #couple #tagsomeone #menwillbemen #girls #chutiyapa\xe2\x80\xa6 https://t.co/nofVhYNqZC'
b'@ZARA_Care I have been waiting over 3 weeks for my order. Customer service is rubbish!!!#frustrated #angry and stil\xe2\x80\xa6 https://t.co/8e0Yf7FDJE'
b'THE HARDEST GAME YOU WILL EVER PLAY #indiegame #bird #heavy #hard #game #animals #flappy #angry #gamers\nhttps://t.co/bFHN1HQE3r'
b'It would scare you how #angry I can get when someone verbally attacks and accuses my crew of something they didn\xe2\x80\x99t\xe2\x80\xa6 https://t.co/ZE3VvQGOCu'
b'I needvthis manicure!\n#nails #manicure #angry #wife #angrywife https://t.co/CuuB8Gvo7L'
b'@DUALIPA @united That is just disgusting behaviour @united. Nuts should be banned on all flights #nutallergy \xe2\x80\x98use a\xe2\x80\xa6 https://t.co/xKvd2NcAjf'
b'RT @justoslopez: LOVE MY WIFE! \n#cutecouple #love #virallol #cute #couple #tagsomeone #menwillbemen #girls #chutiyapa #tagafriend #hilariou\xe2\x80\xa6'
b'RT @justoslopez: LOVE MY WIFE! \n#cutecouple #love #virallol #cute #couple #tagsomeone #menwillbemen #girls #chutiyapa #tagafriend #hilariou\xe2\x80\xa6'
b'RT @justoslopez: So True!\n.\n.\n.\n.\n.\n.\n.\n.\n#cutecouple #love #virallol #cute #couple #tagsomeone #menwillbemen #girls #chutiyapa #tagafriend\xe2\x80\xa6'
b'LOVE MY WIFE! \n#cutecouple #love #virallol #cute #couple #tagsomeone #menwillbemen #girls #chutiyapa #tagafriend\xe2\x80\xa6 https://t.co/2hVbapCn2D'
b'So True!\n.\n.\n.\n.\n.\n.\n.\n.\n#cutecouple #love #virallol #cute #couple #tagsomeone #menwillbemen #girls #chutiyapa\xe2\x80\xa6 https://t.co/MP3LNAfBqW'
b'LOVE MY WIFE! \n\n#cutecouple #love #virallol #cute #couple #tagsomeone #menwillbemen #girls #chutiyapa #tagafriend\xe2\x80\xa6 https://t.co/mzxS0lEtpe'
"b'Lots #GlobalPowers Say Keep Iran \xe2\x80\x9cNo #NuclearWeapon Deal\xe2\x80\x9d Important, Yet #Trump Hurting #Iran #Economically (#Money\xe2\x80\xa6 https://t.co/MolfkKX2EB'"
b'@ASOS_HeretoHelp @ASOS is this how you deliver people\xe2\x80\x99s packages? I\xe2\x80\x99m fuming right now. What do I pay premier deliv\xe2\x80\xa6 https://t.co/mwFVpDMvJq'
b'Just learned of MORE delays for #moving to a new #home. I am SO frustrated... but better breathe and do lots of\xe2\x80\xa6 https://t.co/nqiaEPoyUf'
b'So True!\n.\n.\n.\n.\n.\n.\n.\n.\n#cutecouple #love #virallol #cute #couple #tagsomeone #menwillbemen #girls #chutiyapa\xe2\x80\xa6 https://t.co/1yJvfpFTuj'
b'@gr8tjude Beyond ridiculous.  #CoryBooker #disrespects #POTUSTrump which makes me #angry.'
b'How i feel about @holdenpro attacking my  sweetest friend kapital_gainz las sunday #angry @JakeHeavyweight https://t.co/96riAr5ryq'
"b""Feeling #hungry and #angry at the same time? Here's the reason behind it\n\nhttps://t.co/ATFcsjZomS"""
b'RT @martoons224: .\n.\n.\n.\n.\nThink or Swim!\n#antisocialstudies #martoonerville #cartoonart #MorningJoe #artist #angry #picoftheday  #politica\xe2\x80\xa6'
b'I hate this feeling... #Emptiness #MoodSwings #Angry #HoldingOn'
b'.\n.\n.\n.\n.\nThink or Swim!\n#antisocialstudies #martoonerville #cartoonart #MorningJoe #artist #angry #picoftheday\xe2\x80\xa6 https://t.co/2FKdJJy1tD'
"b'My PC crashed on startup, ugh! Taking very long to come back up now. #angry'"
"b""This day gets better and fucking better! And NO! I'M NOT FUCKING HAPPY! #Angry"""
b'RT @TizzyTray: Nigga Playin #Pokemon. I been beat everybody ass. Lookin for the 8th Gym leader for about 7 hours no\xe2\x80\xa6 https://t.co/cybhbtVleq'
b'Nigga Playin #Pokemon. I been beat everybody ass. Lookin for the 8th Gym leader for about 7 hours now. #Lost #Angry\xe2\x80\xa6 https://t.co/hkaKIJZeIF'
b'It is the year 2018 and I still have to deal with a 260 character path length limit. #angry #fuckthisshit'
"b""It's just so annoying and disappointing when the concerned authorities fail to inform the students about their non-\xe2\x80\xa6 https://t.co/iaMF47jGgl"""
b'RT @JTIDWELL12: What are you #speaking to others? Is it #kind &amp; #sweet? Or #angry &amp; #bitter? Your #words are #powerful. They either bring o\xe2\x80\xa6'
b'What are you #speaking to others? Is it #kind &amp; #sweet? Or #angry &amp; #bitter? Your #words are #powerful. They either\xe2\x80\xa6 https://t.co/XdufRBXwEp'
b'#Hysteria  - \xe2\x80\x98a psychoneurotic disorder characterized by violent emotional outbreaks\xe2\x80\x99...           These are the\xe2\x80\xa6 https://t.co/YNUMuahP2g'
b'.\n#Uponthem #isa #misfortune \n\n#of #evil #nature \n\n#and #Allah \n\n#has #become #angry \n\n#with #them #andhas #cursed\xe2\x80\xa6 https://t.co/INX1GM8RSy'
b'@CoryBooker @FoxNews @cnn @DonaldJTrumpJr Has anyone else noticed how Cory Booker continues to lose his temper?? I\xe2\x80\xa6 https://t.co/RLiVKbbHGn'
b'Going to be a long shitty two years #angry \xf0\x9f\x98\xa1 #youreafool'
"b'RT @Undercoverinfo1: Brexit Britain. More food banks, shortages of food and fuel, massive job losses as more businesses transfer to the EU,\xe2\x80\xa6'"
b'I\xe2\x80\x99ve just ended an email with \xe2\x80\x98Regards\xe2\x80\x99. #Angry'
"b'Brexit Britain. More food banks, shortages of food and fuel, massive job losses as more businesses transfer to the\xe2\x80\xa6 https://t.co/zQmalwgyWP'"
"b'I like the words by Eckhart Tolle: a car crash of ten seconds, leaving a tiny scratch, can make us #angry for days.\xe2\x80\xa6 https://t.co/xmUDmE5yC4'"
"b'@carolecadwalla @matthew_elliott @darrengrimes_ They\xe2\x80\x99ve raised over \xc2\xa339,000 so that\xe2\x80\x99s ok then.  #noconsequences #angry'"
b'On Air NOW | #Nightsounds with Bill Pearce | Wednesday | #Angry At #God? | Listen: https://t.co/mQ7qGBLE0O #Jesus\xe2\x80\xa6 https://t.co/JFfUXH8f79'
b'Providing Space.\n\nToday JPsychology looks at providing space to those with Anger Issues as a way of showing your su\xe2\x80\xa6 https://t.co/AyuYApTasR'
b'@9NewsSyd Oh yes they will! #Angry #Feminism will not stand superior. #Stick your map where it fits'
b'Wth!!!!!!! I don\xe2\x80\x99t even understand this I got kicked out again! Grrrrr that\xe2\x80\x99s it! #angry #GearsOfWar4 \xf0\x9f\xa4\xac\xf0\x9f\xa4\xac\xf0\x9f\xa4\xac'
b'To the A**H*** MORON who woke me up shooting 5 firecrakers off that lit the sky up scaring the hell out of me &amp; mad\xe2\x80\xa6 https://t.co/tRDvfo1fxL'
b'For every minute you are #angry you lose sixty seconds of #happiness. Ralph Waldo Emerson'
"b'@Megbweb @MrleeTx @tedcruz @BetoORourke Who decides a \xe2\x80\x9cliving wage\xe2\x80\x9d?  And, why must healthcare be tied to a busines\xe2\x80\xa6 https://t.co/7kpcK1rgmv'"
"b""RT @manujindal2011: @HDFCBank_Cares Following up from more then a month but haven't received my Rewards points in my account. have raised c\xe2\x80\xa6"""
b'#TheIncredibleHulk 2008 had SOOOOOOOOOO much potential!!!!!  \xf0\x9f\x98\xa4 \n\n#Angry #SequelWishlist #Marvel https://t.co/yxdcXCtjIC'
b'The #reviews on @GooglePlay have proven the @facebook #Messenger #updates have made some #users #angry.\n\nOne #drama\xe2\x80\xa6 https://t.co/3tPil4TfAT'
b'If you piss me off I will hit you or throw something at you. Either way you\xe2\x80\x99re getting hit. #angry'
b'Watched / listened to @ 5 or 6 vids on astrology / Tarot card readings / spirit channeling for #VIRGO .  They basic\xe2\x80\xa6 https://t.co/0qJEoMb57s'
b'@MaggieMcIlroy @DorindaMedley @DorindaMedley is a lot of things that aren\xe2\x80\x99t good #mean #ugly #oblivious #selfish\xe2\x80\xa6 https://t.co/1tqI2wvBVy'
b'What might a #depressed #suicidal or #angry young man do to find meaning? Might he read his #Quran to find #purpose\xe2\x80\xa6 https://t.co/5PYi1I5lsa'
b'RT @EsmeraldaBirch: All the nights troubled\nChurned into the day\nA hunger left unsatisfied\nIn every single way\n\n#micropoetry \n#angry #life\xe2\x80\xa6'
b'RT @RaqiyahMays: Peace and love to @ChikesiaClemons found guilty tonight after being assaulted by the police at Waffle House. This is OUTRA\xe2\x80\xa6'
b'RT @RaqiyahMays: Peace and love to @ChikesiaClemons found guilty tonight after being assaulted by the police at Waffle House. This is OUTRA\xe2\x80\xa6'
b'RT @HotshotDannyD: Saturday! @CWECanada Bash At The Grand #Beach: #GrandBeach #Manitoba Hill Top #Resort Howl At The #Moon #CountryMusic #F\xe2\x80\xa6'
b'3 simple ways to help your #angry child. #parentingtips #ece #mad https://t.co/gWzUKO9X0t'
b'RT @JustTylerCove: Went to the docs today. New pediatrician is cool. Had all the usuals checked and then in came the nurse with 5 needles j\xe2\x80\xa6'
b'RT @RaqiyahMays: Peace and love to @ChikesiaClemons found guilty tonight after being assaulted by the police at Waffle House. This is OUTRA\xe2\x80\xa6'
"b""I'm sad yet so very angry. Stop killing our police!!! #officerkilledinthelineofduty #milwaukee #rip #angry #sad https://t.co/vCE8auLXD0"""
b'RT @RaqiyahMays: Peace and love to @ChikesiaClemons found guilty tonight after being assaulted by the police at Waffle House. This is OUTRA\xe2\x80\xa6'
b'RT @RaqiyahMays: Peace and love to @ChikesiaClemons found guilty tonight after being assaulted by the police at Waffle House. This is OUTRA\xe2\x80\xa6'
b'RT @RaqiyahMays: Peace and love to @ChikesiaClemons found guilty tonight after being assaulted by the police at Waffle House. This is OUTRA\xe2\x80\xa6'
"b""don't you just love playing with people \n#fun #work #love #besties #angry #howtoannoypeople #pissedoff https://t.co/wGlJIXA1PU"""
b'Good Chapter of #onepiece \xf0\x9f\x98\x83! #manga #reaction #onepiece912 #angry #mangaka https://t.co/OXkc50anJK'
b'RT @JustTylerCove: Went to the docs today. New pediatrician is cool. Had all the usuals checked and then in came the nurse with 5 needles j\xe2\x80\xa6'
b'RT @mrzach83: Mr. Calm \n\n#dailydoodle #zSd #daily #doodle #cartoon #cartoonist #illustrator #markerart #art #calm #elephant #angry #teeth #\xe2\x80\xa6'
b'Listening to #angry #anderson #suddenly \xe2\x9d\xa4\xef\xb8\x8f I drag those amazing songs right back'
b'Shouldn\xe2\x80\x99t be getting banned from @Friday13thGame for half an hour because my game dashboards all the time so it\xe2\x80\x99s t\xe2\x80\xa6 https://t.co/9DlQOgx3L9'
b'@Wendys whatcha think about creating a smash burger for ol\xe2\x80\x99 times sake? \xe2\x98\xba\xef\xb8\x8f limited time for those #angry ones out t\xe2\x80\xa6 https://t.co/oteuGxV8uz'
b'Saturday! @CWECanada Bash At The Grand #Beach: #GrandBeach #Manitoba Hill Top #Resort Howl At The #Moon\xe2\x80\xa6 https://t.co/5AK6xjZ9vp'
b'RT @Ice_Streamers: Join @sugarbob_hodge tonight for some #darksouls3 #twitch #TeamEmmmmsie #teambnn #crashpad #ice_streamers #angry #logite\xe2\x80\xa6'
b'Too hot today to paint cute sexy anime related hump day content.\n\nLeave a like if you hate the heat!!!  (\xe2\x94\x9b\xe2\x97\x89\xd0\x94\xe2\x97\x89)\xe2\x94\x9b\xe5\xbd\xa1\xe2\x94\xbb\xe2\x94\x81\xe2\x94\xbb\xe2\x80\xa6 https://t.co/N1MbHUDTXo'
"b'Humans seem to have a truce with creechies. Although I am still angry, there are three million people in creechies,\xe2\x80\xa6 https://t.co/MHqRqDpUiB'"
"b""RT @FreeGaza88: I'm #angry from everything !\nI'm #sad from everything!\nI'm #disappointed from everything!\nI'm broken from everything!\nAll o\xe2\x80\xa6"""
b'In the #UK we drive on the left and we indicators when turning.\n\nNearly go knocked over by someone driving on the r\xe2\x80\xa6 https://t.co/Y2goFj5iNJ'
b'How to Raise a Sweet Son in an Era of Angry Men https://t.co/XERBF4HGoT #children #raisingkids #sweet #angry #anger\xe2\x80\xa6 https://t.co/UaVixbeLC9'
b'RT @ConnierSP: 1 visit left 2day with @clintlorance @ #Leavenworth I will Never give up\xe2\x80\x94Never give in until he is #free As a #veteran I am\xe2\x80\xa6'
b'RT @ItsDeanBlundell: Demar DeRozan Says Masai Ujiri Is Full Of Shit In First Interview After Being Traded #angry #BS #DeMar #DeRozan #Masai\xe2\x80\xa6'
b'RT @drxdysfunction: This kinda dope. \xf0\x9f\xa6\x87 Hit that beat store\nhttps://t.co/jV5j3u6yKk\n.\n.\n#beat #beats #lit #dope #instrumental #typebeat #typ\xe2\x80\xa6'
b'Repairing my bike...\xf0\x9f\x98\x82 #angry #mtbride #mtbtrail #mtb #mtbrepair #mountainbiketour #mountainbikerepair #mountainbike\xe2\x80\xa6 https://t.co/2rGbmSWUN8'
b'Went to the docs today. New pediatrician is cool. Had all the usuals checked and then in came the nurse with 5 need\xe2\x80\xa6 https://t.co/EHmrwiSN7N'
b'Essentially my mantra for life. #angry #violent #uglycry #ihatespiders https://t.co/nka9C3Ss1V'
b'Join @sugarbob_hodge tonight for some #darksouls3 #twitch #TeamEmmmmsie #teambnn #crashpad #ice_streamers #angry\xe2\x80\xa6 https://t.co/2rn8LaNEq4'
"b""@TheLastLeg #isitok that Tory run Somerset county council is now bankrupt and disabled services won't help disabled\xe2\x80\xa6 https://t.co/bbnyTb7a6G"""
b'RT @TheBruvsTV: Something set him off https://t.co/mIpLJ5jTiT #angermanagement #fail #temper #angry #glass #batting https://t.co/FVWEom9g6A'
b'What do I Do? Waited in for a parcel from royal mail that I was tracking. Was told via email that it would be with\xe2\x80\xa6 https://t.co/zN3VnJ0BpO'
b'@DhanashriTendu \xf0\x9f\x99\x84\xf0\x9f\x99\x84 what happen #angry queen ?'
b'The mentality of people these days #angry https://t.co/LxZQxL8srv'
"b""Why isn't Fortnite working on Xbox One since the latest update??? I can't play and I didn't get to join in the birt\xe2\x80\xa6 https://t.co/XqKrafBQ73"""
"b""RT @RealJudgeLynn: If just about anyone can make you #angry then just about everyone can own you. Don't give away your #power to every idio\xe2\x80\xa6"""
b'@Avis How is it possible for you to run out of cars when we booked and paid in advance? Ruined the start of our hol\xe2\x80\xa6 https://t.co/sodqd9kIYQ'
b'@arrivanorthwest I am fed up with disrespectful attitude of your drivers! No4 from Mold to Chester 10 mins late as\xe2\x80\xa6 https://t.co/hnX8VJ5NWF'
"b""RT @RealJudgeLynn: If just about anyone can make you #angry then just about everyone can own you. Don't give away your #power to every idio\xe2\x80\xa6"""
"b""@MeghanMcCain YOU ARE OUT OF CONTROL. You are so god damn #angry! Why? It's because you are #grieving. I would reco\xe2\x80\xa6 https://t.co/sNt0PyF2OY"""
b'This is never every happened !!!! @Ryanair NO DRINKS OR FOOD ONBOARD. It is plus 30 Celsius and NO WATER on my 3 ho\xe2\x80\xa6 https://t.co/hfEqjG1GGg'
"b""RT @RealJudgeLynn: If just about anyone can make you #angry then just about everyone can own you. Don't give away your #power to every idio\xe2\x80\xa6"""
b'@greateranglia where is the 18.05 that stops at Tottenham Hale!!! This is the second time in the space of a week th\xe2\x80\xa6 https://t.co/GJXBAAYljW'
"b'What an absolute \xf0\x9f\x9a\xbf of \xf0\x9f\x92\xa9 @virginmedia prove themselves to be yet again. Lied to &amp; misinformed me 3x today, and waste\xe2\x80\xa6 https://t.co/MGgb4Eu2cR'"
"b""@HDFCBank_Cares Following up from more then a month but haven't received my Rewards points in my account. have rais\xe2\x80\xa6 https://t.co/3ojbGUZXcg"""
b'@HarvesterUK @BBCScienceClub @PHE_uk Thank you for the link confirms my worst suspicions.  In fact most of the menu\xe2\x80\xa6 https://t.co/PVNpwAAVnx'
b'RT @ItsDeanBlundell: Demar DeRozan Says Masai Ujiri Is Full Of Shit In First Interview After Being Traded #angry #BS #DeMar #DeRozan #Masai\xe2\x80\xa6'
b'RT @DebraMeilleur: #WednesdayWisdom After working on my latest #novel for a few hours I stopped to watch 5 minutes of the #news... 2 minute\xe2\x80\xa6'
b'RT @PollyHolmlea: @Rookery100 Shocked to discover the remains of a barbecue in such a vulnerable and parched area this morning #againstbyel\xe2\x80\xa6'
"b""You already know, i'm back with another drill banger! \n\nhttps://t.co/hauLoqxKrr\n\n#beats #musicproducer #itunes\xe2\x80\xa6 https://t.co/NDahuLZvjg"""
b'RT @PollyHolmlea: @Rookery100 Shocked to discover the remains of a barbecue in such a vulnerable and parched area this morning #againstbyel\xe2\x80\xa6'
b'Have you ever done an exam that had questions with all answers incorrect due to instructor negligence?... \xf0\x9f\x98\xa1\n#Angry'
b'#WednesdayWisdom After working on my latest #novel for a few hours I stopped to watch 5 minutes of the #news... 2 m\xe2\x80\xa6 https://t.co/5OKDpSxa3J'
b'RT @Thats_The_Word: Be not hasty in thy spirit to be #angry: for anger resteth in the bosom of fools.\nEcclesiastes 7:9 #KJV\n\n#Jesus brings\xe2\x80\xa6'
b'RT @ItsDeanBlundell: Demar DeRozan Says Masai Ujiri Is Full Of Shit In First Interview After Being Traded #angry #BS #DeMar #DeRozan #Masai\xe2\x80\xa6'
b'RT @Thats_The_Word: Be not hasty in thy spirit to be #angry: for anger resteth in the bosom of fools.\nEcclesiastes 7:9 #KJV\n\n#Jesus brings\xe2\x80\xa6'
b'RT @RaqiyahMays: Peace and love to @ChikesiaClemons found guilty tonight after being assaulted by the police at Waffle House. This is OUTRA\xe2\x80\xa6'
b'RT @ItsDeanBlundell: Demar DeRozan Says Masai Ujiri Is Full Of Shit In First Interview After Being Traded #angry #BS #DeMar #DeRozan #Masai\xe2\x80\xa6'
"b'No stream tonight. with the ""my schedule changed need in you oh fuck butt fuck you a.m."" to watch kids today ... at\xe2\x80\xa6 https://t.co/i6kTaIvBf1'"
"b'RT @AlexDoddyy: **NEW VIDEO** / Dr. Phil GETS MAD At 14 Year Old ""Stoner Girl"" \n\n#Drphil (NEW SUBS LEGENDS\xf0\x9f\xa4\x99) #StonerFam \n\nRT For Weed in th\xe2\x80\xa6'"
b'RT @PollyHolmlea: @Rookery100 Shocked to discover the remains of a barbecue in such a vulnerable and parched area this morning #againstbyel\xe2\x80\xa6'
b'RT @RaqiyahMays: Peace and love to @ChikesiaClemons found guilty tonight after being assaulted by the police at Waffle House. This is OUTRA\xe2\x80\xa6'
b'RT @ItsDeanBlundell: Demar DeRozan Says Masai Ujiri Is Full Of Shit In First Interview After Being Traded #angry #BS #DeMar #DeRozan #Masai\xe2\x80\xa6'
b'Demar DeRozan Says Masai Ujiri Is Full Of Shit In First Interview After Being Traded #angry #BS #DeMar #DeRozan\xe2\x80\xa6 https://t.co/VQVZKKIgc4'
b'@beINSPORTSUSA @FCBarcelona @RayHudson I wanted to listen to the magisterial man @RayHudson and guess what happened\xe2\x80\xa6 https://t.co/K3a5nnqH4l'
b'Best shirt #pleasehurry #RobertMueller #fatigueissettingin #sotired #angry https://t.co/052vZEusbT'
b'RT @Goddessrobynx: Been free here all day and not ome single loyal sub let me drain or abuse them! What has happened to the findom kink? Wh\xe2\x80\xa6'
b'Been free here all day and not ome single loyal sub let me drain or abuse them! What has happened to the findom kin\xe2\x80\xa6 https://t.co/hPyrfi0wbQ'
"b""RT @RealJudgeLynn: If just about anyone can make you #angry then just about everyone can own you. Don't give away your #power to every idio\xe2\x80\xa6"""
b'RT @OccupySchagen: #Occupy: #Angry #Syrian #Soldiers are busy #Exterminating the #Remnants of #IS in #Syria !\n\nSyrian Forces Liberate Over\xe2\x80\xa6'
b'RT @donalcronin: Love the new graphics in @IrishRail #KentStation #Cork #hungry #angry #hangry Designed with\xe2\x80\xa6 https://t.co/SoliFX5MYM'
b'RT @Thats_The_Word: Be not hasty in thy spirit to be #angry: for anger resteth in the bosom of fools.\nEcclesiastes 7:9 #KJV\n\n#Jesus brings\xe2\x80\xa6'
"b'RT @lorien_patton: Made this today. Suits my mood. #bleak #angry #grey #resist #header #graphic (No copyright claimed, since it is derivati\xe2\x80\xa6'"
"b""RT @RealJudgeLynn: If just about anyone can make you #angry then just about everyone can own you. Don't give away your #power to every idio\xe2\x80\xa6"""
b'And that is India for you.\n#angry https://t.co/Wb9RIvpMp1'
b'Curvy Wonder Woman #art #2d #2dart #vector #vectorstyle #illustrator #wonderwoman #comics #dc #cartoon #funny\xe2\x80\xa6 https://t.co/J3VGLmx4DU'
"b'Ecclesiastes 7:9\nControl your temper, for anger labels you a fool.\n\n#controlyourtemper #angry #ecclesiastes\xe2\x80\xa6 https://t.co/JfFozIMc95'"
b'RT @Thats_The_Word: Be not hasty in thy spirit to be #angry: for anger resteth in the bosom of fools.\nEcclesiastes 7:9 #KJV\n\n#Jesus brings\xe2\x80\xa6'
b'Love the new graphics in @IrishRail #KentStation #Cork #hungry #angry #hangry Designed with @ahumey @CarrCommsLtd i\xe2\x80\xa6 https://t.co/glFXW4tA8m'
b'Intelligence through Acceptance. Read this blog here: https://t.co/34Nuymu7KQ\n\n#Acceptance #AcceptYourself\xe2\x80\xa6 https://t.co/m0nAw4v8ka'
"b""Now I know why I don't listen to the #News makes me SO #Angry\nLaws &amp; goverment \xf0\x9f\x92\xa9\xf0\x9f\x92\xa9\xf0\x9f\x92\xa9 Protecting #Sociopaths #abusers\xe2\x80\xa6 https://t.co/fJQgA916dG"""
b'#lastday in #chicago #vaca is #over \nLets not be #angry or #sad but #thankful and #joyful for the time #spent\xe2\x80\xa6 https://t.co/iHHBAmCmjb'
b'RT @Thats_The_Word: Be not hasty in thy spirit to be #angry: for anger resteth in the bosom of fools.\nEcclesiastes 7:9 #KJV\n\n#Jesus brings\xe2\x80\xa6'
"b'#Tennessee #teen who ate 4 bags a week of the ultra-#spicy, finger-staining, banned-by-schools #HotCheetos &amp; #Takis\xe2\x80\xa6 https://t.co/9D65GS4V3V'"
b'@lootcrate I know I\xe2\x80\x99m #Disappointed #Upset #Angry #LetDown #Rejected by your company\xe2\x80\x99s performance re the #Missing\xe2\x80\xa6 https://t.co/LXRuWdZaM9'
"b'New #podcast episode""Garage Living in #Kansas &amp; #Music that Makes Me Hurt Inside"" on Everyone Needs A Little, the p\xe2\x80\xa6 https://t.co/vsnnFc7khn'"
b'RT @Thats_The_Word: Be not hasty in thy spirit to be #angry: for anger resteth in the bosom of fools.\nEcclesiastes 7:9 #KJV\n\n#Jesus brings\xe2\x80\xa6'
"b'Understand [this], my beloved brethren. Let every man be quick to hear [a ready listener], slow to speak, slow to t\xe2\x80\xa6 https://t.co/wfCgLA2mpm'"
b'RT @RaqiyahMays: Peace and love to @ChikesiaClemons found guilty tonight after being assaulted by the police at Waffle House. This is OUTRA\xe2\x80\xa6'
b'RT @OccupySchagen: #Occupy: #Angry #Syrian #Soldiers are busy #Exterminating the #Remnants of #IS in #Syria !\n\nSyrian Forces Liberate Over\xe2\x80\xa6'
b'#Occupy: #Angry #Syrian #Soldiers are busy #Exterminating the #Remnants of #IS in #Syria !\n\nSyrian Forces Liberate\xe2\x80\xa6 https://t.co/Di0GsrIO5Z'
"b""RT @RealJudgeLynn: If just about anyone can make you #angry then just about everyone can own you. Don't give away your #power to every idio\xe2\x80\xa6"""
b'RT @temporary_hero: I despise you att \xf0\x9f\x98\x88why with just 3 minutes left of sho_theaffair on @sho_network do you throttle my stream. Not fair!!!\xe2\x80\xa6'
b'Be not hasty in thy spirit to be #angry: for anger resteth in the bosom of fools.\nEcclesiastes 7:9 #KJV\n\n#Jesus brings #peace\n#ChooseJesus'
"b""RT @RealJudgeLynn: If just about anyone can make you #angry then just about everyone can own you. Don't give away your #power to every idio\xe2\x80\xa6"""
"b""RT @RealJudgeLynn: If just about anyone can make you #angry then just about everyone can own you. Don't give away your #power to every idio\xe2\x80\xa6"""
b'8Bit ch\xf0\x9f\xa4\x96 instrumental. Invest in your career and hit that beat store \xf0\x9f\x91\x80 https://t.co/jV5j3u6yKk\n.\n.\n.\n.\n#beat #beats\xe2\x80\xa6 https://t.co/BVxERWSf5R'
"b""RT @RealJudgeLynn: If just about anyone can make you #angry then just about everyone can own you. Don't give away your #power to every idio\xe2\x80\xa6"""
b'Never understand why someone thinks you should be proud when they get a job and they only keep it for a week\xe2\x80\xa6 https://t.co/1jiwzwAts2'
b'Just a quick one. I bloody love \xe2\x9d\xa4\xef\xb8\x8f you guys \xf0\x9f\xa4\x97 x #MemoryIssues #Memory #Anxiety #Anxious #Depression #Depressed\xe2\x80\xa6 https://t.co/uNwNV210dS'
b'I for one could care less of what these tapes are saying . My heart goes out to #Potus he is the most scrutinized p\xe2\x80\xa6 https://t.co/lrsARbL71J'
"b'My thoughts and prayers are with those affected by the wildfires in Attica, Greece.\nIt hurts a lot, I hope everyone\xe2\x80\xa6 https://t.co/OcuHaUUvzP'"
"b""You Won't Like Me When I'm #Angry: Is Anger #Play Always a No-No? by @RevMorgan63 - https://t.co/pMunfLFzQb"""
b'https://t.co/xRXV62pHN5 you can use it with the #other #angry #birds #stuff #around the #house. this is #especially\xe2\x80\xa6 https://t.co/6y76LGfytx'
"b""When people kick off at silly little things can't I watch something you have done nothing but sit on your fat ass w\xe2\x80\xa6 https://t.co/8oQ4fjbEOF"""
b'Mr. Calm \n\n#dailydoodle #zSd #daily #doodle #cartoon #cartoonist #illustrator #markerart #art #calm #elephant\xe2\x80\xa6 https://t.co/aty0CB0dUk'
"b""RT @RealJudgeLynn: If just about anyone can make you #angry then just about everyone can own you. Don't give away your #power to every idio\xe2\x80\xa6"""
b'#Great #Morning \n#ThankGODitsWednesday \nI may have a #title or #two but I will not #add #angry #fool to the #list \xf0\x9f\x98\x8a https://t.co/zFWFEYAZuh'
b'#VisitHailuoto #Polla #angry #birds attacking us due to their babies #sternahirundo #seashore #grass #Finland https://t.co/phzaSNSlrV'
"b'Comics After Midnight with JTA not so proudly presents, this thing.\n\n#comicsaftermidnight #comic #assholekids\xe2\x80\xa6 https://t.co/cWRkEqeyL9'"
b'RT @PollyHolmlea: @Rookery100 Shocked to discover the remains of a barbecue in such a vulnerable and parched area this morning #againstbyel\xe2\x80\xa6'
"b""RT @RealJudgeLynn: If just about anyone can make you #angry then just about everyone can own you. Don't give away your #power to every idio\xe2\x80\xa6"""
b'RT @PollyHolmlea: @Rookery100 Shocked to discover the remains of a barbecue in such a vulnerable and parched area this morning #againstbyel\xe2\x80\xa6'
b'#mommy #anal #angry #blowjob #mature watch this clip at https://t.co/t1BAfrhwBL https://t.co/ZiNsS414Y1'
b'Missing 5-year-old girl found raped &amp; murdered https://t.co/2PNZ8T6fPG #notanotherone #devastated #angry\xe2\x80\xa6 https://t.co/4bCppu31UA'
"b""RT @RealJudgeLynn: If just about anyone can make you #angry then just about everyone can own you. Don't give away your #power to every idio\xe2\x80\xa6"""
"b'jadapinkettsmith is sharing nothing but jewels! My younger self was a #mess ! I did not know myself , so I spent a\xe2\x80\xa6 https://t.co/NMiVFI4792'"
b'Feeling #angry \xf0\x9f\x98\xa1 bloody builders have managed to trash my bedroom..... I could effing scream !!!!! Clearing this cr\xe2\x80\xa6 https://t.co/KeXjz1mfNd'
b'RT @simplivllc: Online Course- Mind Memory Master \xe2\x80\x93 Program Your Mind\nhttps://t.co/HrIlyyi3Oh\n#USA @CNN #MemoryIssues #Memory #Anxiety #Anx\xe2\x80\xa6'
"b""RT @RealJudgeLynn: If just about anyone can make you #angry then just about everyone can own you. Don't give away your #power to every idio\xe2\x80\xa6"""
"b""RT @RealJudgeLynn: If just about anyone can make you #angry then just about everyone can own you. Don't give away your #power to every idio\xe2\x80\xa6"""
b'Be not hasty in thy spirit to be #angry: for anger resteth in the bosom of #fools.\n#Ecclesiastes 7:9 #KJV\xe2\x80\xa6 https://t.co/lB6Dx67Fsf'
b'@Rookery100 Shocked to discover the remains of a barbecue in such a vulnerable and parched area this morning\xe2\x80\xa6 https://t.co/EFVtmkFjdQ'
"b""@Happy4sandile The guy must just go.He's extremely poor for an international. He's too playful even in serious situ\xe2\x80\xa6 https://t.co/SXL9zypurB"""
b'RT @LearningLifeInc: Just let things flow. #angry #behappy #bepositive #happy https://t.co/bVBMS9LqYH https://t.co/cjtKopnEGI'
b'Just let things flow. #angry #behappy #bepositive #happy https://t.co/bVBMS9LqYH https://t.co/cjtKopnEGI'
"b""RT @RealJudgeLynn: If just about anyone can make you #angry then just about everyone can own you. Don't give away your #power to every idio\xe2\x80\xa6"""
b'@nicktail Well thank you for your kind words\xf0\x9f\x98\x80\nIf I may why so #angry? Maybe #Yoga help?\n\nThe fact is that\xe2\x80\xa6 https://t.co/Ks0h3XmjQY'
"b""RT @RealJudgeLynn: If just about anyone can make you #angry then just about everyone can own you. Don't give away your #power to every idio\xe2\x80\xa6"""
"b""RT @RealJudgeLynn: If just about anyone can make you #angry then just about everyone can own you. Don't give away your #power to every idio\xe2\x80\xa6"""
b'RT @MediaPixArt: \xf0\x9f\x99\x8fGold collection is destined for little ones the slaughtered angels in Syria \xf0\x9f\x99\x8f\n\n#Syriawar #Syria #Pray #victimsangels #ang\xe2\x80\xa6'
"b""This makes me #sad and #angry.\nI'm going to do something about this! #actiontime #WednesdayMotivation https://t.co/Q3dAxNm9Uf"""
b'@HenryScarf @alibi_channel @UKTV @ioangruffudd @RemyHii i was watching it and loved it but @virgintv  took\xe2\x80\xa6 https://t.co/WmJEDsfOgc'
"b'I woke up, I can\xe2\x80\x99t say for one second I feel great, tbh I feel bloody dreadful and just want to forget work and sle\xe2\x80\xa6 https://t.co/oaEFbEhplJ'"
b'My once beautiful state of #California is lost!! #sad #angry #NotMyCalifornia https://t.co/A2bLSHgQnV'
"b""RT @RealJudgeLynn: If just about anyone can make you #angry then just about everyone can own you. Don't give away your #power to every idio\xe2\x80\xa6"""
b'it was literally all locals i was #angry'
"b'@TarotPolitics Rosie, I\xe2\x80\x99m not sure you follow #angry but he usually calls things true in WH.  It\xe2\x80\x99s a twist I didn\xe2\x80\x99t\xe2\x80\xa6 https://t.co/LDWTy1qp9q'"
"b""RT @RealJudgeLynn: If just about anyone can make you #angry then just about everyone can own you. Don't give away your #power to every idio\xe2\x80\xa6"""
b'@yourdcsnotts Very telling use of language. #angry'
b'#angry #angry #blowjob #mature #mommy watch this clip at https://t.co/TvDMbkp3yF https://t.co/9AkylrwPWE'
b'Lack of self control makes me angry. \n#angry #Blues #selfcare #SelfCareDay #please https://t.co/FkcfiabJe7'
b'RT @simplivllc: Online Course- Mind Memory Master \xe2\x80\x93 Program Your Mind\nhttps://t.co/HrIlyyi3Oh\n#USA @CNN #MemoryIssues #Memory #Anxiety #Anx\xe2\x80\xa6'
"b'#Angry How can you ""discover"" a country that\'s already inhabited? Because of Columbus, the Taino/Arawak Indians are\xe2\x80\xa6 https://t.co/oPi6FakQfj'"
b'Landing to a #mumbaibandh... It leaves me a great sense of disbelief  and nuisance in our system!\n#angry #India'
"b'#Parenting an #angry, #anxious or over-the-top kid? Get HELP! https://t.co/YrdEtdPNBq #BLOOMparenting'"
b'[2] Charged for lying to the FBI. HOLY @!$$. I remember facts and tell them differently at all times. \n\n#witchhunt #idonotwhatohastag #angry'
b'Online Course- Mind Memory Master \xe2\x80\x93 Program Your Mind\nhttps://t.co/HrIlyyi3Oh\n#USA @CNN #MemoryIssues #Memory\xe2\x80\xa6 https://t.co/QDsc1eu6sr'
"b""RT @SeaboltIllo: A little something from last weekend's #twitchstream.  This #alien is #angry \n\n#ironlakstrikers #ironlakpaint #tonedpaper\xe2\x80\xa6"""
"b""RT @RealJudgeLynn: If just about anyone can make you #angry then just about everyone can own you. Don't give away your #power to every idio\xe2\x80\xa6"""
b'RT @HotshotDannyD: Aug 4 @CWECanada #Winnipeg #Manitoba 2018 #Elite8 Hall Of #Pain Pre Show @Palomino_Club: @KazKarter vs #Angry #Dad John\xe2\x80\xa6'
b'I am an #Americancitizen. I am  #angry about @realDonaldTrump policies of  #racism #sexism #religiousexclusion\xe2\x80\xa6 https://t.co/lvU61qHqp5'
b'It has been quite an afternoon and evening in the #Denver Metropolitan Area this afternoon. #Hailstorm #Lightening\xe2\x80\xa6 https://t.co/garKVRULcL'
"b""RT @RealJudgeLynn: If just about anyone can make you #angry then just about everyone can own you. Don't give away your #power to every idio\xe2\x80\xa6"""
"b""My beautiful 2 year old daughter Molly-Mae. Oposite of her sister, so don't mess with her \xf0\x9f\x98\x82\xf0\x9f\x98\x82\xf0\x9f\x98\x82 She will kick your he\xe2\x80\xa6 https://t.co/rXgpnfmhB7"""
b'I really don\xe2\x80\x99t want to become #angry'
b'@boston_girl79 now all I have on my TL are yankee fan trolls talking crap on how theyre the best in baseball and wi\xe2\x80\xa6 https://t.co/SVTR1NlseD'
b'#Ike is cute when he is #angry. https://t.co/gc5mNq0tKW'
b'RT @malrt4: Just finished the finale of the Handmaid\xe2\x80\x99s Tale and ummmmm WTF JUNE #angry #HandmaidsTale'
"b""RT @RealJudgeLynn: If just about anyone can make you #angry then just about everyone can own you. Don't give away your #power to every idio\xe2\x80\xa6"""
"b""RT @RealJudgeLynn: If just about anyone can make you #angry then just about everyone can own you. Don't give away your #power to every idio\xe2\x80\xa6"""
"b""RT @RealJudgeLynn: If just about anyone can make you #angry then just about everyone can own you. Don't give away your #power to every idio\xe2\x80\xa6"""
b'Aug 4 @CWECanada #Winnipeg #Manitoba 2018 #Elite8 Hall Of #Pain Pre Show @Palomino_Club: @KazKarter vs #Angry #Dad\xe2\x80\xa6 https://t.co/Bb6AvAw03D'
"b""RT @RealJudgeLynn: If just about anyone can make you #angry then just about everyone can own you. Don't give away your #power to every idio\xe2\x80\xa6"""
"b""RT @RealJudgeLynn: If just about anyone can make you #angry then just about everyone can own you. Don't give away your #power to every idio\xe2\x80\xa6"""
"b""RT @RealJudgeLynn: If just about anyone can make you #angry then just about everyone can own you. Don't give away your #power to every idio\xe2\x80\xa6"""
"b""RT @RealJudgeLynn: If just about anyone can make you #angry then just about everyone can own you. Don't give away your #power to every idio\xe2\x80\xa6"""
b'@dominos I was very excited to celebrate your 35 years anniversary. But was very disappointed to be turned down bec\xe2\x80\xa6 https://t.co/sjLXf2NgTN'
"b""RT @RealJudgeLynn: If just about anyone can make you #angry then just about everyone can own you. Don't give away your #power to every idio\xe2\x80\xa6"""
"b""RT @RealJudgeLynn: If just about anyone can make you #angry then just about everyone can own you. Don't give away your #power to every idio\xe2\x80\xa6"""
b'RT @Thunder56062071: THE HARDEST GAME YOU WILL EVER PLAY #indiegame #bird #heavy #hard #game #animals #flappy #angry #gamers\nhttps://t.co/b\xe2\x80\xa6'
b'THE HARDEST GAME YOU WILL EVER PLAY #indiegame #bird #heavy #hard #game #animals #flappy #angry #gamers\nhttps://t.co/bFHN1HQE3r'
b'RT @RaqiyahMays: Peace and love to @ChikesiaClemons found guilty tonight after being assaulted by the police at Waffle House. This is OUTRA\xe2\x80\xa6'
b'RT @RaqiyahMays: Peace and love to @ChikesiaClemons found guilty tonight after being assaulted by the police at Waffle House. This is OUTRA\xe2\x80\xa6'
"b""RT @RealJudgeLynn: If just about anyone can make you #angry then just about everyone can own you. Don't give away your #power to every idio\xe2\x80\xa6"""
"b'What a bad evening, received the most horrible email. Not going to be able to sleep. #devastated #upset #angry #mistrust'"
b'..Just because they are not you or are Black/Brown or just do not look like you. Yeah my previous #manager was like\xe2\x80\xa6 https://t.co/6Tl0LhhZTN'
"b""RT @RealJudgeLynn: If just about anyone can make you #angry then just about everyone can own you. Don't give away your #power to every idio\xe2\x80\xa6"""
b'Final Wolf.\n.\n#draw #drawings #drawing #draws #illustration #illustrationart #digitaldraw #Dog #savage #magic\xe2\x80\xa6 https://t.co/FAMqE0jAUk'
"b""RT @RealJudgeLynn: If just about anyone can make you #angry then just about everyone can own you. Don't give away your #power to every idio\xe2\x80\xa6"""
"b""RT @SeaboltIllo: A little something from last weekend's #twitchstream.  This #alien is #angry \n\n#ironlakstrikers #ironlakpaint #tonedpaper\xe2\x80\xa6"""
b'\xe2\x9d\xa4\n#raiva #ira #deusnocontrole #controle #emo\xc3\xa7\xc3\xb5es #emotions #angry @ Brazil https://t.co/UkWOt0Mo8f'
"b""RT @RealJudgeLynn: If just about anyone can make you #angry then just about everyone can own you. Don't give away your #power to every idio\xe2\x80\xa6"""
"b""RT @SeaboltIllo: A little something from last weekend's #twitchstream.  This #alien is #angry \n\n#ironlakstrikers #ironlakpaint #tonedpaper\xe2\x80\xa6"""
b'Yo I was blood claught Vex this morning; some ah these Jamaican restaurants to fucking thief my youth. Jah know !!!\xe2\x80\xa6 https://t.co/3C5wQJaNZk'
"b""RT @RealJudgeLynn: If just about anyone can make you #angry then just about everyone can own you. Don't give away your #power to every idio\xe2\x80\xa6"""
b'I am not a happy bunny here #Angry #Annoyed'
"b""A little something from last weekend's #twitchstream.  This #alien is #angry \n\n#ironlakstrikers #ironlakpaint\xe2\x80\xa6 https://t.co/UwVaNqbEVU"""
b'Something set him off https://t.co/mIpLJ5jTiT #angermanagement #fail #temper #angry #glass #batting https://t.co/FVWEom9g6A'
b'Yo I was blood claught Vex this morning; some ah these Jamaican restaurants to fucking thief my youth. Jah know !!!\xe2\x80\xa6 https://t.co/l7Y3MHX8bq'
"b""I've got so damn evil thoughts.....like never before...\nI never felt anyone would deserve this but now...i wish it\xe2\x80\xa6 https://t.co/HYwOs6cDyx"""
b'So angry. Every five years...my kind of headshot. #angry #ironic #thosearethetimes #headshot https://t.co/2OAMx3dtmr'
"b""RT @RealJudgeLynn: If just about anyone can make you #angry then just about everyone can own you. Don't give away your #power to every idio\xe2\x80\xa6"""
"b""RT @RealJudgeLynn: If just about anyone can make you #angry then just about everyone can own you. Don't give away your #power to every idio\xe2\x80\xa6"""
b'RT @RaqiyahMays: Peace and love to @ChikesiaClemons found guilty tonight after being assaulted by the police at Waffle House. This is OUTRA\xe2\x80\xa6'
b'Made my #kids they\xe2\x80\x99re first #beer can #chicken on #Sunday they loved it. Always #fun #cooking an #angry looking\xe2\x80\xa6 https://t.co/oA2U8cu57v'
"b""RT @RealJudgeLynn: If just about anyone can make you #angry then just about everyone can own you. Don't give away your #power to every idio\xe2\x80\xa6"""
"b""RT @RealJudgeLynn: If just about anyone can make you #angry then just about everyone can own you. Don't give away your #power to every idio\xe2\x80\xa6"""
b'RT @Iran_NewsRoom: Washington\xe2\x80\x99s outrage is rooted in inter/l community\xe2\x80\x99s view on Iran.\n\n#Angry &amp; #isolated #US engaged in psychological war\xe2\x80\xa6'
"b""RT @RealJudgeLynn: If just about anyone can make you #angry then just about everyone can own you. Don't give away your #power to every idio\xe2\x80\xa6"""
b'This rain better not fuck up my hair... #freshdyejob #dyedhair #thesecurlsstillwontstay #angry #selfie #piercings\xe2\x80\xa6 https://t.co/i6p5mnYTaf'
"b""RT @RealJudgeLynn: If just about anyone can make you #angry then just about everyone can own you. Don't give away your #power to every idio\xe2\x80\xa6"""
"b""RT @RealJudgeLynn: If just about anyone can make you #angry then just about everyone can own you. Don't give away your #power to every idio\xe2\x80\xa6"""
"b""RT @RealJudgeLynn: If just about anyone can make you #angry then just about everyone can own you. Don't give away your #power to every idio\xe2\x80\xa6"""
b'@curryspcworld what makes your company feel it is justified to take money without consent from my credit card?! I h\xe2\x80\xa6 https://t.co/OeQPGoFI08'
b'@c2c_Rail is this a joke?! Announcing at Barking station this afternoon all trains departing from Liverpool St afte\xe2\x80\xa6 https://t.co/rsqskWjBZN'
b'The #Central #Banks #Globalization #Plan Is In #Jeopardy &amp; The #Elite Are #Angry \xf0\x9f\x98\xa4 \xf0\x9f\x98\xa1 https://t.co/gQXNiEv5dx via @YouTube @3eani'
"b""RT @RealJudgeLynn: If just about anyone can make you #angry then just about everyone can own you. Don't give away your #power to every idio\xe2\x80\xa6"""
"b'@delsarto13 Like so \xf0\x9f\x98\x82\nHe has words to use. \n""Djokovic was so #angry that he refused the requests of tournament staf\xe2\x80\xa6 https://t.co/pQq81NZmss'"
"b""The problem isn't that I get #angry, it's that I don't like to exercise self-control when I'm mad. And there's a pa\xe2\x80\xa6 https://t.co/IgRPGQy14b"""
"b""RT @RealJudgeLynn: If just about anyone can make you #angry then just about everyone can own you. Don't give away your #power to every idio\xe2\x80\xa6"""
b'Who can relate? \n#angry #girl #madashell https://t.co/CBLfnvp1fj'
b'Be #ReadyToWait for a #NewVideos in 2 #DAYS it will be #WTF #Moments #angry #Moments and an other video in 4 #DAYS\xe2\x80\xa6 https://t.co/GnCt5NwSt7'
b'@curryspcworld part 2 &amp; all I have got from you is ANOTHER automated reply. Meanwhile I am now 6 weeks without a fr\xe2\x80\xa6 https://t.co/0Ixnu4eDns'
"b""RT @RealJudgeLynn: If just about anyone can make you #angry then just about everyone can own you. Don't give away your #power to every idio\xe2\x80\xa6"""
"b""RT @RealJudgeLynn: If just about anyone can make you #angry then just about everyone can own you. Don't give away your #power to every idio\xe2\x80\xa6"""
"b""RT @RealJudgeLynn: If just about anyone can make you #angry then just about everyone can own you. Don't give away your #power to every idio\xe2\x80\xa6"""
b'Werewolf.\n.\n#draw #drawings #drawing #draws #illustration #illustrationart #digitaldraw #Werewolf #wolf #digitalart\xe2\x80\xa6 https://t.co/85pH8aN4Uo'
"b""RT @RealJudgeLynn: If just about anyone can make you #angry then just about everyone can own you. Don't give away your #power to every idio\xe2\x80\xa6"""
"b""RT @RealJudgeLynn: If just about anyone can make you #angry then just about everyone can own you. Don't give away your #power to every idio\xe2\x80\xa6"""
"b""RT @RealJudgeLynn: If just about anyone can make you #angry then just about everyone can own you. Don't give away your #power to every idio\xe2\x80\xa6"""
"b""If just about anyone can make you #angry then just about everyone can own you. Don't give away your #power to every\xe2\x80\xa6 https://t.co/MEfvQWZuiQ"""
b'Emoji motif Long sleeve womens tshirt\n#simblr #sims #sims4 #sims4cc #simscustomcontent #sims4customcontent\xe2\x80\xa6 https://t.co/lLbaN6lkFF'
"b""@zulily I returned an item on the 12th of July and I still haven't received my refund! You sell me counterfeit Monc\xe2\x80\xa6 https://t.co/vNhGtD5ZjX"""
b'Finally home...took me near enough an hour to get home. #angry #frustrated #teamgay #gay #Gayguy #iamgay #imgay #notout #inthecloset'
b'@AmericanAir I\xe2\x80\x99m on flight 2701. We were supposed to be in Miami at 11am. It\xe2\x80\x99s 3:20 pm and we are still not there.\xe2\x80\xa6 https://t.co/QO4xnrngoN'
b'RT @OccupySchagen: #Occupy: The #Anglo-#Zionist #Empire has got a #BEATING; their #Proxy #Army is #Fleeing from the #Angry #Syrians; #Secre\xe2\x80\xa6'
"b'For every minute you are angry, you lose 60 seconds of happiness.\n\n#time #happiness #angry #minute #seconds'"
b'RT @RaqiyahMays: Peace and love to @ChikesiaClemons found guilty tonight after being assaulted by the police at Waffle House. This is OUTRA\xe2\x80\xa6'
"b'**NEW VIDEO** / Dr. Phil GETS MAD At 14 Year Old ""Stoner Girl"" \n\n#Drphil (NEW SUBS LEGENDS\xf0\x9f\xa4\x99) #StonerFam \n\nRT For We\xe2\x80\xa6 https://t.co/DH4QUGRm62'"
b'Sitting in Doctors now just got done with a MRI &amp; blood tests. Been sitting for a HOUR come to pick up prescription\xe2\x80\xa6 https://t.co/VnOE7LEeHb'
b'RT @RaqiyahMays: Peace and love to @ChikesiaClemons found guilty tonight after being assaulted by the police at Waffle House. This is OUTRA\xe2\x80\xa6'
"b'I am a waste of Life please if there is a God? Let me not wake up tomorrow, I can\xe2\x80\x99t take the same shit day after Da\xe2\x80\xa6 https://t.co/aZfoFuuRFI'"
"b'RT @Tweets4Royals: ""For every #minute you are #angry you #lose sixty seconds of #happiness"" ~Ralph Waldo Emerson #wisdom #quotes #quotestol\xe2\x80\xa6'"
"b'""For every #minute you are #angry you #lose sixty seconds of #happiness"" ~Ralph Waldo Emerson #wisdom #quotes #quotestoliveby'"
"b'@DPD_UK &amp; @AmazonHelp what a joke - my prime delivery is in the wrong place and instead of 24hr deliver, its 48hrs\xe2\x80\xa6 https://t.co/3TYjYVCDVH'"
b'Got to love when they bring a whole roll of kitchen paper for napkins!!\nFab burger etc. At Burger Bear ... Aged bee\xe2\x80\xa6 https://t.co/wo3pbVVzP9'
b'RT @OccupySchagen: #Occupy: The #Anglo-#Zionist #Empire has got a #BEATING; their #Proxy #Army is #Fleeing from the #Angry #Syrians; #Secre\xe2\x80\xa6'
"b""Dungeon Petz is a euro with Theme. What are your favourite Euro's with a heavy theme?\n.\n.\n.\n#2players #bordspiel\xe2\x80\xa6 https://t.co/2qP8qIg2aE"""
b'#Occupy: The #Anglo-#Zionist #Empire has got a #BEATING; their #Proxy #Army is #Fleeing from the #Angry #Syrians;\xe2\x80\xa6 https://t.co/FhOhmn9wI5'
"b""Well that was a day I don't wish to replicate! #stressed #angry #Fedup \nHoping it will end better now we're at the\xe2\x80\xa6 https://t.co/561UxE5562"""
b'Yo @AppleSupport @AppleMusic y\xe2\x80\x99all gonna do anything to correct the music pausing/skipping issue that\xe2\x80\x99s been happen\xe2\x80\xa6 https://t.co/MnnFjAqBTt'
"b'When you\'re #arguing in the driveway w/ your #sister, &amp; a #neighbor says ""Stop #fighting,"" it won\'t work, just like\xe2\x80\xa6 https://t.co/IZEsx36JXX'"
b'RT @Iran_NewsRoom: Washington\xe2\x80\x99s outrage is rooted in inter/l community\xe2\x80\x99s view on Iran.\n\n#Angry &amp; #isolated #US engaged in psychological war\xe2\x80\xa6'
b'RT @shady2405: I\xe2\x80\x99m a nice person as a rule but if there is a negative \xf0\x9f\x91\x8e to find with someone or something I will find it. Why? \xf0\x9f\x99\x81 #MemoryIss\xe2\x80\xa6'
b'RT @shady2405: Why when I have been working hard and keeping on top of work all day does my memory go to mush when I get home? It drives me\xe2\x80\xa6'
b'RT @shady2405: Guess what people? I\xe2\x80\x99m being ignored again while they fuck around giggling and watching Instagram Videos. Priority No1 certa\xe2\x80\xa6'
b'RT @shady2405: Guess what people? I\xe2\x80\x99m being ignored again while they fuck around giggling and watching Instagram Videos. Priority No1 certa\xe2\x80\xa6'
b'Guess what people? I\xe2\x80\x99m being ignored again while they fuck around giggling and watching Instagram Videos. Priority\xe2\x80\xa6 https://t.co/CjObT7pI7A'
"b""As a parent it's normal to get angry. Learn from these 5 things on what to do when you feel your temper rising.\xe2\x80\xa6 https://t.co/yoUlaHuk3Q"""
"b'First I wasted my Marshmellow tickets, now I gotta waste these tickets cause you think I can plan for this last minute. SMH #angry #imbroke'"
b'Mixed emotions... Crossing thin lines...\n.\n.\n.\n.\n.\n.\n.\n.\n#quote #quoteoftheday #tuesday #mood #angry #sad\xe2\x80\xa6 https://t.co/04a6RAxWn9'
b'Why when I have been working hard and keeping on top of work all day does my memory go to mush when I get home? It\xe2\x80\xa6 https://t.co/dvLtWVeaTH'
b'I\xe2\x80\x99m a nice person as a rule but if there is a negative \xf0\x9f\x91\x8e to find with someone or something I will find it. Why? \xf0\x9f\x99\x81\xe2\x80\xa6 https://t.co/ZHSvGuHB09'
"b""Punishment doesn't help when kids are #angry. This does: https://t.co/4iywvuIlhG #freebie #paretingtips #parents https://t.co/qZ9N0uX1Ug"""
b'I have Traits of a Personality Disorder is that why I pretty much hate everyone? \xf0\x9f\xa4\xa6\xe2\x80\x8d\xe2\x99\x82\xef\xb8\x8f #MemoryIssues #Memory\xe2\x80\xa6 https://t.co/BbAnorulmY'
b'WHAT THE HELL IS GOING ON IN MY LIFE. \xf0\x9f\x98\xa0\xf0\x9f\x98\xa0\n\n               #angry'
"b'Oriental Pink New fiction, horror premade book cover. #Angry #Apocalypse #Background #premade #bookcover\xe2\x80\xa6 https://t.co/9ohiuFBcqh'"
"b'Outer Space New fiction, horror premade book cover. #Angry #Animal #Beak #premade #bookcover https://t.co/q7khvmORfu https://t.co/xu5bS668Bm'"
b'@chilternrailway you lot are a disgrace . How can you run a train in this weather with fuck all aircon!?!? #angry\xe2\x80\xa6 https://t.co/4iWy18ak9L'
b'RT @LoveLaylaDesign: To buy this badge click here - https://t.co/cUFIR9SbHD #angrysmallman #smallman #angry #smallangryman #lovelayla #funn\xe2\x80\xa6'
b'To buy this badge click here - https://t.co/cUFIR9SbHD #angrysmallman #smallman #angry #smallangryman #lovelayla\xe2\x80\xa6 https://t.co/9k9S6J9okz'
b'free vector whats #App #Flat #Emoji ... - https://t.co/d1VuXnbpoy - #Affectionate #Angry #Animal #Ashamed\xe2\x80\xa6 https://t.co/bQl4dE46UN'
"b'RT @WyCoVintage: Sitting on an angry chair, angry walls that steal the air \xf0\x9f\x98\xa1\n\n1992 .@AliceInChains #AngryChair Shirt - https://t.co/VlgXzFb\xe2\x80\xa6'"
"b""Stupid computer made me mad so I'm going to play some fortnite lol....\n\n#fortnite #angry #xbox #xboxone #xboxonex\xe2\x80\xa6 https://t.co/uhhKuFlGgH"""
b'free vector whats #App #Girls #And ... - https://t.co/WgS058rjlZ - #Affectionate #Angry #Animal #Ashamed\xe2\x80\xa6 https://t.co/WEb9ddTLdO'
b'@GCPcloud @Google #cloudnext18 and apparently unless you got here MONDAY before 10 AM (yesterday) you cannot be sea\xe2\x80\xa6 https://t.co/5GMrZXlUXj'
b'free vector whats #App #Emoji ... - https://t.co/KzGuIyCteE - #Affectionate #Angry #Animal #Ashamed #Background\xe2\x80\xa6 https://t.co/rbczOl0GIY'
"b""Am I dying f\xcc\xb6o\xcc\xb6r\xcc\xb6 bc of a piece of flesh?!\n\n*visualizing 'his not-even-naked' body\n\n#angry"""
b'#Angry for no reason. \n#drawn #drawing #vector #vectorart #mobile #bw #blackandwhite #illustration #illu #mtklein\xe2\x80\xa6 https://t.co/KM2ylAjwVn'
b'Never Make A Decision When Uh R #AngrY\n&amp;\nNever Make A Promise When uh Are #HappY\xf0\x9f\x99\x84\xf0\x9f\x98\x8e'
b'Garfield without Coffee \xf0\x9f\x98\xb9\xe2\x98\x95\n#Meme #Cat #angry #Garfield #Coffee #GingerCat https://t.co/hEJ28k0i60'
b'.\n.\n.\n.\n.\nThink or Swim!\n#antisocialstudies #martoonerville #cartoonart #MorningJoe #artist #angry #picoftheday\xe2\x80\xa6 https://t.co/GlAHcd7gys'
b'free vector #Cute and #Funny ... - https://t.co/ZfxI3Cyw4L - #Affectionate #Angry #Animal #App #Ashamed #Background\xe2\x80\xa6 https://t.co/p5xzUPqiPA'
b'RT @Iran_NewsRoom: Washington\xe2\x80\x99s outrage is rooted in inter/l community\xe2\x80\x99s view on Iran.\n\n#Angry &amp; #isolated #US engaged in psychological war\xe2\x80\xa6'
"b'RT @party_on_cheers: Join 6 people right now at ""Angry skateboarder loses hilarious battle with a pole twice (Video)"" #cheers #beer #pizza\xe2\x80\xa6'"
"b'Join 6 people right now at ""Angry skateboarder loses hilarious battle with a pole twice (Video)"" #cheers #beer\xe2\x80\xa6 https://t.co/OvUrp1Mvgc'"
b'RT @Grewupinscarb: @ImpolaHeather @NotmyCanada2019 @manny_ottawa This gal is neither hurt nor confused.  What I am is sick to death of poli\xe2\x80\xa6'
b'RT @Iran_NewsRoom: Washington\xe2\x80\x99s outrage is rooted in inter/l community\xe2\x80\x99s view on Iran.\n\n#Angry &amp; #isolated #US engaged in psychological war\xe2\x80\xa6'
b'@ImpolaHeather @NotmyCanada2019 @manny_ottawa This gal is neither hurt nor confused.  What I am is sick to death of\xe2\x80\xa6 https://t.co/i6Q6IYfbFD'
b'RT @Iran_NewsRoom: Washington\xe2\x80\x99s outrage is rooted in inter/l community\xe2\x80\x99s view on Iran.\n\n#Angry &amp; #isolated #US engaged in psychological war\xe2\x80\xa6'
b'Washington\xe2\x80\x99s outrage is rooted in inter/l community\xe2\x80\x99s view on Iran.\n\n#Angry &amp; #isolated #US engaged in psychologica\xe2\x80\xa6 https://t.co/zN9nVu07eB'
b'RT @RaqiyahMays: Peace and love to @ChikesiaClemons found guilty tonight after being assaulted by the police at Waffle House. This is OUTRA\xe2\x80\xa6'
"b'@Kika_GuideDog People should use there brain, before just parking there cars how they wish! #angry #ihaveadisabledwife'"
"b'RT @WyCoVintage: Sitting on an angry chair, angry walls that steal the air \xf0\x9f\x98\xa1\n\n1992 .@AliceInChains #AngryChair Shirt - https://t.co/VlgXzFb\xe2\x80\xa6'"
b'why do I always feel rushed \xef\xbc\x9f\n\nwhy do I feel angry?\n#ANGRY #RUSHED #APA #PSYCHOLOGY #FEEL'
"b""Ladies you need to stop it, all that #pride and self esteem got you #angry about this girl I'm wit in all them\xe2\x80\xa6 https://t.co/hYHf8Uoc8a"""
b'RT @shady2405: Does anyone else get really bad Anxiety while driving? Sometimes I\xe2\x80\x99m a nervous wreck \xf0\x9f\x98\xa2#MemoryIssues #Memory #Anxiety #Anxiou\xe2\x80\xa6'
"b""I'm so effing pissed. The piece of pottery of which I am proudest has somehow gone missing from the studio where I\xe2\x80\xa6 https://t.co/t73WNb3Fa8"""
b'RT @shady2405: Does anyone else get really bad Anxiety while driving? Sometimes I\xe2\x80\x99m a nervous wreck \xf0\x9f\x98\xa2#MemoryIssues #Memory #Anxiety #Anxiou\xe2\x80\xa6'
b'Does anyone else get really bad Anxiety while driving? Sometimes I\xe2\x80\x99m a nervous wreck \xf0\x9f\x98\xa2#MemoryIssues #Memory\xe2\x80\xa6 https://t.co/0jSMl7Rdx2'
b'boos adjective meaning angry in Dutch https://t.co/3utQYZCJg8\n #Dutch #angry'
"b""I try not to swear on Twitter, but sometimes it's got me so close... \n#angry https://t.co/QFTwMRJUoG"""
b'Bought some T-Shirts in @Tesco yesterday. Went to wash them today. Took off the tags but they wouldn\xe2\x80\x99t come apart..\xe2\x80\xa6 https://t.co/cFm1hCMSDZ'
"b'If you #parent an #anxious or #angry child, be sure to check this out: https://t.co/ywEeBgMRBn via @YouTube https://t.co/02Q0PduQFV'"
"b'@sebring1006 @MarkDice @davidhogg111 we don\xe2\x80\x99t want that little #angry #Tyrant either, maybe he should learn what li\xe2\x80\xa6 https://t.co/h2dhAT4CJ7'"
b'RT @WilliamduMans: Why the French Are #Growing #Angry With Emmanuel #Macron #Scandal #Benalla #lies #monarchical https://t.co/HXxAj7rJgC'
b'Why the French Are #Growing #Angry With Emmanuel #Macron #Scandal #Benalla #lies #monarchical https://t.co/HXxAj7rJgC'
b'RT @Petiteling: A simple 35 min flight turned into an 8 hr delay. Adding another 1.5 hrs delay. Just brilliant @easyjet. And all you had ou\xe2\x80\xa6'
"b""Opinion: Don't be #angry at the woman who #killed a black #giraffe for #sport if you plan to eat #meat for dinner t\xe2\x80\xa6 https://t.co/vRhOkKCyKM"""
b'RT @Rachelandivor: @WaldenWalkies @RSPCA_official I think that @UttlesfordDC #animalwardens need to patrol at the moment with one of our pa\xe2\x80\xa6'
b'@WaldenWalkies @RSPCA_official I think that @UttlesfordDC #animalwardens need to patrol at the moment with one of o\xe2\x80\xa6 https://t.co/OCmDhiAqu7'
b'Are you feeling angry and restless but don\xe2\x80\x99t really understand why? Talk to someone who can help. Contact Melanie:\xe2\x80\xa6 https://t.co/TWPFatcEbF'
b'Morning everyone \xf0\x9f\x98\x80 I\xe2\x80\x99m at work on another hot \xf0\x9f\x87\xac\xf0\x9f\x87\xa7 day and I\xe2\x80\x99m wearing Shorts lol \xf0\x9f\x98\x82 so far I\xe2\x80\x99m smiling \xf0\x9f\x91\x8d\xf0\x9f\x8f\xbb Hope you al\xe2\x80\xa6 https://t.co/dW3XJWPDlO'
b'RT @Petiteling: A simple 35 min flight turned into an 8 hr delay. Adding another 1.5 hrs delay. Just brilliant @easyjet. And all you had ou\xe2\x80\xa6'
b'RT @RaqiyahMays: Peace and love to @ChikesiaClemons found guilty tonight after being assaulted by the police at Waffle House. This is OUTRA\xe2\x80\xa6'
b'RT @RaqiyahMays: Peace and love to @ChikesiaClemons found guilty tonight after being assaulted by the police at Waffle House. This is OUTRA\xe2\x80\xa6'
b'Wellbeing and Safety.\n\nToday JPsychology looks at the importance of your own wellbeing when supporting those with A\xe2\x80\xa6 https://t.co/oQaJlk9bx3'
b'RT @RaqiyahMays: Peace and love to @ChikesiaClemons found guilty tonight after being assaulted by the police at Waffle House. This is OUTRA\xe2\x80\xa6'
b'RT @RaqiyahMays: Peace and love to @ChikesiaClemons found guilty tonight after being assaulted by the police at Waffle House. This is OUTRA\xe2\x80\xa6'
b'RT @RaqiyahMays: Peace and love to @ChikesiaClemons found guilty tonight after being assaulted by the police at Waffle House. This is OUTRA\xe2\x80\xa6'
b'RT @RaqiyahMays: Peace and love to @ChikesiaClemons found guilty tonight after being assaulted by the police at Waffle House. This is OUTRA\xe2\x80\xa6'
b'RT @RaqiyahMays: Peace and love to @ChikesiaClemons found guilty tonight after being assaulted by the police at Waffle House. This is OUTRA\xe2\x80\xa6'
b'RT @RaqiyahMays: Peace and love to @ChikesiaClemons found guilty tonight after being assaulted by the police at Waffle House. This is OUTRA\xe2\x80\xa6'
b'Peace and love to @ChikesiaClemons found guilty tonight after being assaulted by the police at Waffle House. This i\xe2\x80\xa6 https://t.co/3KXR4vweLd'
b'Do you know how to #help your #angry #child? https://t.co/pHj0TapB53 https://t.co/uVA6caeSqO'
"b'RT @Kew2_u: Up thinking about #NiaWilson &amp; her family, friends &amp; community...\n\n#Angry #PissedTFOff \xf0\x9f\x98\xa1'"
b'#HowItEnds @netflix my husband and I are PISSED. We sat thru 2hrs of a movie that HAS NO ENDING!! How do you end a\xe2\x80\xa6 https://t.co/77hNfolKI7'
b'#HALT #hungry #angry #lonely #tired Do not get too #hungryangrylonelytired #alcoholism #sobrietyrocks\xe2\x80\xa6 https://t.co/4pJlhmcWwz'
b'I liked a @YouTube video https://t.co/b20AIoGq4V All deleted and Instagram unposted videos |Angry Prash||KOMEDY REFLECTION||#angry'
b'RT @ConnierSP: 1 visit left 2day with @clintlorance @ #Leavenworth I will Never give up\xe2\x80\x94Never give in until he is #free As a #veteran I am\xe2\x80\xa6'
"b'RT @walkunfiltered: Be #angry, and do not sin. #Meditate within your heart on your bed, and be still. Selah\nPsalms 4:4 NKJV https://t.co/xf\xe2\x80\xa6'"
"b'Be #angry, and do not sin. #Meditate within your heart on your bed, and be still. Selah\nPsalms 4:4 NKJV https://t.co/xf6n9nJbUW'"
"b'Strategies that Work! Troubled Waters: Activities for #Angry, #Worried Kids https://t.co/ywEeBgMRBn #anxiety #worry\xe2\x80\xa6 https://t.co/nhnnx1bFHm'"
b'#Angry Karachi voters push for change - The Sydney Morning Herald https://t.co/oBP70wa481'
b'RT @malrt4: Just finished the finale of the Handmaid\xe2\x80\x99s Tale and ummmmm WTF JUNE #angry #HandmaidsTale'
"b'Up thinking about #NiaWilson &amp; her family, friends &amp; community...\n\n#Angry #PissedTFOff \xf0\x9f\x98\xa1'"
"b""Resetti absolutely strikes me as someone who posts in all caps on Twitter and has one follower BUT DARN IT HE'S GOT\xe2\x80\xa6 https://t.co/IhdJTAbHOa"""
"b""when i think of the hateful and disingenuous people i've had to be around these past 5 years. it upsets me so much.\xe2\x80\xa6 https://t.co/sKv9uw1VHk"""
"b""https://t.co/Ac8uCXNy2i - @GhenryPerez is #streaming #LIVE! with Ghenry's Ghosthouse playing #Cuphead! Watch him ge\xe2\x80\xa6 https://t.co/vEqGfjd2TL"""
b'Totally frustrated and angry 2 hours of online form filing up and saved each paragraph but finally checked none of\xe2\x80\xa6 https://t.co/7w8ySvE43a'
b'@DailyCaller If Americans ever fpund out just a measly 1% of what #Illegal things our Government and Courts are inv\xe2\x80\xa6 https://t.co/YPYZUhMYe6'
"b'@webkinz let me know when you will retrieve my childhood, thanks for deleting the one happy thing in my life #angry #wheresmychildhood'"
b'As I keep seeing these stories like  #NiaWilson and others being murdered in the streets I find it more about more\xe2\x80\xa6 https://t.co/qVIFL88RiK'
b'\xe2\x98\xbbANGRY HITMAN\xf0\x9f\x98\xa4 Download FREE https://t.co/mfcRI07PYQ\n\n#angry #shootinggames #actiongames #games #streetfights https://t.co/EbOC8TjFyl'
b'Every time I see this i get very pissed off \xf0\x9f\x98\xa1\xf0\x9f\x98\xa0 #ToG #ThroneofGlass #series #Book #angry #booknerd #waiting https://t.co/zCRt18Zd7H'
"b'I just spent nearly 2hrs txting with someone who msgd me at 4am (!) today.He wanted incall on the GC,so I made it c\xe2\x80\xa6 https://t.co/GTa6hiKtI6'"
"b'@NHSMngr @SadiqKhan @metpoliceuk Shocking, this should not be allowed to happen. #angry #pathetic'"
"b'How about this though?\nThe purge, but instead of crimes, customer service and sales assistants get to say whatever\xe2\x80\xa6 https://t.co/4PiiYhKSNK'"
"b""@ghostblaque @evangelistCind3 You Don't have #Faith Ghost! B.C. your #Angry \xf0\x9f\xa4\x94 Try Medtating! &amp;Hold on to your\xe2\x80\xa6 https://t.co/7vdGj3aJkw"""
b'RT @howtobeadopted: Just so you know\n\n #adoption #adoptees #adoptee #adopteevoices #flipthescript #angry #loss #trauma https://t.co/3H1Sxav\xe2\x80\xa6'
b'THEY ARE TRYING TO START A WAR IM PRETTY SURE THEY HIRED HIS ASS TO DO IT TO GET A REACTION SO THEY CAN PROCEED WIT\xe2\x80\xa6 https://t.co/bHhFaHXqGV'
b'#FINALLY ! ...the #hotweather has #broken here in #Edinburgh ! it is #raining and it feels #great ! it has not\xe2\x80\xa6 https://t.co/GaG0dqwYie'
b'Grumpy Skeletor has issued his warning to He-Man. BE CAUTIOUS! #becautious #grumpyskeletor #ANGRY\xe2\x80\xa6 https://t.co/adzj2fhFqg'
b'RT @Petiteling: A simple 35 min flight turned into an 8 hr delay. Adding another 1.5 hrs delay. Just brilliant @easyjet. And all you had ou\xe2\x80\xa6'
b'RT @howtobeadopted: Just so you know\n\n #adoption #adoptees #adoptee #adopteevoices #flipthescript #angry #loss #trauma https://t.co/3H1Sxav\xe2\x80\xa6'
b'A simple 35 min flight turned into an 8 hr delay. Adding another 1.5 hrs delay. Just brilliant @easyjet. And all yo\xe2\x80\xa6 https://t.co/JcyqVZD4mB'
"b""@GamesRadar As am I. I'm so angry at @Bungie\xe2\x80\xbc\xef\xb8\x8fTo think that they would KILL off the funniest most likable Chr in\xe2\x80\xa6 https://t.co/HmMSpykjW0"""
b'@AskLloydsBank how can you send a wire transfer 4 times to the US and messit up ? #pissedoff #angry'
b'RT @Parry2Shawn: Listen to this #Insanity from @RepGwenMoore about @SCOTUS nominee #Kavanuagh. \xf0\x9f\xa6\x87 Batshit crazy to say this distinguished ma\xe2\x80\xa6'
"b'RT @shady2405: I hope \xf0\x9f\xa4\x9e you like my New Poem I\xe2\x80\x99ve only just written it, please feel free to share \xf0\x9f\x98\x80 x #MemoryIssues #Memory #Anxiety #Anxio\xe2\x80\xa6'"
b'RT @drxdysfunction: This kinda dope. \xf0\x9f\xa6\x87 Hit that beat store\nhttps://t.co/jV5j3u6yKk\n.\n.\n#beat #beats #lit #dope #instrumental #typebeat #typ\xe2\x80\xa6'
b'Listen to this #Insanity from @RepGwenMoore about @SCOTUS nominee #Kavanuagh. \xf0\x9f\xa6\x87 Batshit crazy to say this distingui\xe2\x80\xa6 https://t.co/JTurLzsY69'
"b'RT @shady2405: I hope \xf0\x9f\xa4\x9e you like my New Poem I\xe2\x80\x99ve only just written it, please feel free to share \xf0\x9f\x98\x80 x #MemoryIssues #Memory #Anxiety #Anxio\xe2\x80\xa6'"
"b""LITERALLY SO TIRED OF COMING HOME AND SOMEONE WHO DOESN'T EVEN LIVE IN OUR APARTMENT COMPLEX IS  TAKING UP 2 PARKIN\xe2\x80\xa6 https://t.co/NNx1qZnLum"""
b'I am about to lose it \xf0\x9f\x98\xa1\xf0\x9f\x98\xa1\xf0\x9f\x98\xa1 #angry #tickingtimebomb'
b'@tiff_tv And one day in about 1995 I saw you reading a magazine in WH Smith - BUT YOU DIDN\xe2\x80\x99T BUY IT!!! Aaagghhhh!!! #Angry'
"b""@brokenNotRecord @d_twit @radum27 @jaketapper @PressSec It takes some fucking nerve for Sanders to accuse Trump's t\xe2\x80\xa6 https://t.co/jYv3yHaino"""
b'free vector whats #App #Cute ... - https://t.co/rAOlI2ojP9 - #Affectionate #Angry #Animal #Ashamed #Background\xe2\x80\xa6 https://t.co/A7BZyz1tZO'
b'free vector #Beer #Face whats #App ... - https://t.co/gemo9JJ7zt - #Affectionate #Angry #Animal #Ashamed\xe2\x80\xa6 https://t.co/L5ba44HBW2'
b'free vector #Cute whats #App ... - https://t.co/ErIMSthgYm - #Affectionate #Angry #Ashamed #Background #Bear\xe2\x80\xa6 https://t.co/aiIzqhFd68'
"b'So im following quite a few high profile musicians and on every tweet they make they have ""fans"" spamming these com\xe2\x80\xa6 https://t.co/sJKoJ2MIEN'"
b'free vector whats #App color ... - https://t.co/jTvkayc1UF - #Affectionate #Angry #Animal #Ashamed #Background\xe2\x80\xa6 https://t.co/3dwVXb9AcG'
"b'RT @birdgirl1001: If you are an ""angry woman"" you are not lovable and if you are not lovable you are nothing so you deserve to be treated l\xe2\x80\xa6'"
b'RT @notalwaysright: This guy has some guts. \n#notalwaysright #movie #concession #stand #expensive #angry #upcharge #shame #shameless https:\xe2\x80\xa6'
"b'If you are an ""angry woman"" you are not lovable and if you are not lovable you are nothing so you deserve to be tre\xe2\x80\xa6 https://t.co/6nHpMI0F7k'"
"b""I don't usually lose my temper, but if I get #angry, it's #true - I'm #scary.\n#NewProfilePic #Hoodies #blue #hoodie\xe2\x80\xa6 https://t.co/xgEaUvSI2z"""
b'free vector Cool #Funny whats ... - https://t.co/6HsbDkxjdc - #Affectionate #Angry #Animal #Ashamed #Background\xe2\x80\xa6 https://t.co/Ksy9KT7fa9'
"b""RT @ideas_ten: Idea 656 : Inevitably when I'm #hungry, I get very #angry.  There should be an app which tells you when you are hungry and p\xe2\x80\xa6"""
"b'\xe2\x80\x9cWeren\xe2\x80\x99t you guys just fighting?\xe2\x80\x9d #Angry$ex luv, &amp; we do enjoy \xf0\x9f\x92\x8b\xf0\x9f\x98\x9c'"
b'free vector whats #App #Cup #Cake ... - https://t.co/097s82eZez - #Affectionate #Angry #Animal #Ashamed #Background\xe2\x80\xa6 https://t.co/Xc4bj900nG'
b'@realDonaldTrump America will be #angry with us and #die of this \n\n#shutuptrump'
"b""Idea 656 : Inevitably when I'm #hungry, I get very #angry.  There should be an app which tells you when you are hun\xe2\x80\xa6 https://t.co/mrrCW4v5II"""
b'free vector whats #App #Variety #Of ... - https://t.co/VOK9KTFril - #Affectionate #Angry #Animal #Ashamed\xe2\x80\xa6 https://t.co/TDjap16iHp'
b'America will be #angry with us and #die of this \n\n#shutuptrump https://t.co/BpPVgjNCLX'
b'Seriously fecked off with how annoying the internet is now thanks to #GDPR ...trying to look something up and sick\xe2\x80\xa6 https://t.co/RmOBIplmib'
"b""RT @bscross32: We're not your fucking inspiration, and stop questioning every fucking thing we say #angry #rant https://t.co/GEgcDcm26f"""
"b""@DIRECTV I'm #Angry @ATT allows #RussiaToday channel 321 to broadcast Putin propaganda to further divide/lie to/DES\xe2\x80\xa6 https://t.co/Ii338zneek"""
b'Time to hear #angry @AgnewJason\nTalk about @IMPACTWRESTLING on\n@SNMEradio 16: SNME - 016 - #Slammiversary #SlamXVI\xe2\x80\xa6 https://t.co/kodzqPf4Mk'
"b""@EMTrains rubbish service yet again!!!! The 17:26 train hasn't even left yet we are all on the red hot train waitin\xe2\x80\xa6 https://t.co/yjaj7BUt3k"""
b'RT @howtobeadopted: Just so you know\n\n #adoption #adoptees #adoptee #adopteevoices #flipthescript #angry #loss #trauma https://t.co/3H1Sxav\xe2\x80\xa6'
"b'RT @TrudeMerete1967: Wow, this #weather is #angry, #lightning and #thunder .... it #blows so the sand freaks like a #whirlwind !! Wow ...#T\xe2\x80\xa6'"
b'So i get and email from @Ryanair saying tgere not going to refund me for flights that i have booked and i cant fly\xe2\x80\xa6 https://t.co/b7iih1wwzh'
"b'@francesjkaron Agree, totally appalling! Some people have no soul !#angry'"
"b'@VuduSupport @VuduFans last year I purchased the entire season of Murder Chose Me season 1, my son is in all episod\xe2\x80\xa6 https://t.co/pBv4AvQbe8'"
"b'@LNER over 30 mins delayed on my train to Newcastle, NO aircon all the way, which is absolutely disgusting service!\xe2\x80\xa6 https://t.co/EAariDYTku'"
"b""Can't you Mr @RahulGandhi  meet @PMOIndia  and discuss about mob lynching? Not satisfied with the twitter outburst.\xe2\x80\xa6 https://t.co/FfkvcTATCp"""
"b'Wow, this #weather is #angry, #lightning and #thunder .... it #blows so the sand freaks like a #whirlwind !! Wow ..\xe2\x80\xa6 https://t.co/Rv7q5jJXZr'"
b'@realDonaldTrump Look! An American president attacking the constitutionally protected free press (like a dictator)\xe2\x80\xa6 https://t.co/EibPy0Ts0p'
b'RT @martoons224: .\n.\n.\n.\n.\nThink or Swim! This is what we get for not paying attention ruin for 40 years. \n#antisocialstudies #martoonervil\xe2\x80\xa6'
b'#rowanatkinson is alive. Plz stop sharing fake news about his death. Social media has made ppl so dumb that they ar\xe2\x80\xa6 https://t.co/6MqJQBTB9k'
b'Kfc never FUCKING ever get my order right. #angry \xf0\x9f\xa4\xac'
b'.\n.\n.\n.\n.\nThink or Swim! This is what we get for not paying attention ruin for 40 years. \n#antisocialstudies\xe2\x80\xa6 https://t.co/4MIschmUPR'
b'angry chicken!!!! #angry #chicken https://t.co/DZ0D1Qmc7Y https://t.co/pRZKEWkyrz'
b'RT @SomeToLaughAt: Woah..  #idbemadtoo #notthatmad #mad #angry #girlfriend #STLA #cardestroy https://t.co/RVB36B9EPc'
"b""RT @LifeAfterMyWife: 4 weeks after my wife's death #southessexhomes give me notice to quit. How cruel, heartless been married 25yrs and liv\xe2\x80\xa6"""
b'Monday\xe2\x80\x99s suck! Today is not going even remotely close to how it should be! Everything that can go wrong IS going wr\xe2\x80\xa6 https://t.co/UCu7n4kCF4'
b'RT @Thunder56062071: THE HARDEST GAME YOU WILL EVER PLAY #indiegame #bird #heavy #hard #game #animals #flappy #angry #gamers\nhttps://t.co/b\xe2\x80\xa6'
b'RT @Thunder56062071: THE HARDEST GAME YOU WILL EVER PLAY #indiegame #bird #heavy #hard #game #animals #flappy #angry #gamers\nhttps://t.co/b\xe2\x80\xa6'
b'THE HARDEST GAME YOU WILL EVER PLAY #indiegame #bird #heavy #hard #game #animals #flappy #angry #gamers\nhttps://t.co/bFHN1HQE3r'
b'Tum sirf meri ho...\n#liker #likeappofficial #performance #angry #sadquotes #loved #brokenheart #bestdialogue\xe2\x80\xa6 https://t.co/Fi9X6L8EXF'
"b'Waking up and checking social media, only to learn of ANOTHER heartbreaking shooting...\xf0\x9f\x98\xad\xf0\x9f\xa4\xac Enough is enough! #sad\xe2\x80\xa6 https://t.co/CY3A4ROJxj'"
b'@itvnews Could you also write a report suggesting to me how to:\nBlink\nBreathe\nEat\nDeficate\nRead the completely bloo\xe2\x80\xa6 https://t.co/ucmCA4jSv6'
"b""After spending the last 2 and a bit days in bed I couldn't agree more \xf0\x9f\x99\x81 #MemoryIssues #Memory #Anxiety #Anxious\xe2\x80\xa6 https://t.co/ze0yEG9IAD"""
b'So true! #MemoryIssues #Memory #Anxiety #Anxious #Depression #Depressed  #Anger #Angry #Suicide #Suicidal\xe2\x80\xa6 https://t.co/9QYx5CO0Bq'
"b""#angry I didn't stream this Phish set last night"""
"b'We The People, shall pay for this disfunction for years to come.#angry https://t.co/tut0AMDTHd'"
"b""@unseen1_unseen @K1erry @BreitbartNews So the #Democratic Party's voice now comes from a teenagers that secretly is\xe2\x80\xa6 https://t.co/EoOcDNRHTo"""
b'I see grandpa hasn\xe2\x80\x99t had his fiber this morning.  #potusloco #angry #septuagenarian https://t.co/yfb0ICgMOp'
"b""RT @LifeAfterMyWife: 4 weeks after my wife's death #southessexhomes give me notice to quit. How cruel, heartless been married 25yrs and liv\xe2\x80\xa6"""
b'12 Angry Men may be the greatest #courtroom drama ever made! Check out our review at https://t.co/MelJuq5aSI\xe2\x80\xa6 https://t.co/bzdx5glR6O'
b'@Ryanair #Upset #angry #sortitout my week is ruined'
"b""RT @LifeAfterMyWife: 4 weeks after my wife's death #southessexhomes give me notice to quit. How cruel, heartless been married 25yrs and liv\xe2\x80\xa6"""
"b'Anger is a valid emotion. Acting upon anger is not. But, if we hang on to it, keep it with us day to day, it will t\xe2\x80\xa6 https://t.co/MNOtOFVg1C'"
b'Zombie Survival Machine isolated on white background https://t.co/BDUxcDAEqt #angry #auto #automobile'
"b'RT @NickyGNickster: So @British_Airways cancel my sons flight home which I\xe2\x80\x99ve paid premium cabin for, put him &amp; his new wife on a non direc\xe2\x80\xa6'"
"b'RT @NickyGNickster: So @British_Airways cancel my sons flight home which I\xe2\x80\x99ve paid premium cabin for, put him &amp; his new wife on a non direc\xe2\x80\xa6'"
"b""RT @LifeAfterMyWife: 4 weeks after my wife's death #southessexhomes give me notice to quit. How cruel, heartless been married 25yrs and liv\xe2\x80\xa6"""
b'@lutoncouncil I have been calling and emailing the council tax department for 5 days now and have been held in a qu\xe2\x80\xa6 https://t.co/XohJhh6bnq'
b'@monika__shah @arindamaryan10 Why like this he doing Reason he is #Angry or not intrested'
b'RT @ConnierSP: 1 visit left 2day with @clintlorance @ #Leavenworth I will Never give up\xe2\x80\x94Never give in until he is #free As a #veteran I am\xe2\x80\xa6'
b'@LeShuttle @Eurotunnel why a 16 hour delay? I\xe2\x80\x99m going to keep tweeting until someone gives me an answer! #angry #eurotunnel #dogwelfare'
"b""RT @LifeAfterMyWife: 4 weeks after my wife's death #southessexhomes give me notice to quit. How cruel, heartless been married 25yrs and liv\xe2\x80\xa6"""
"b'To open is a choice. Sometimes a hard one to make, especially when we are sad, angry or afraid... but open we must,\xe2\x80\xa6 https://t.co/eApya51E0f'"
"b""Barely slept at all. I'm a walking monster today, I can feel my invisible fangs and horns growing... Damnit!\n#tired #angry #frustrated"""
b'RT @OccupySchagen: #Occupy: The #Rats #Flee the #Sinking #RegimeChange in the #Angry #Syrian #Sea of #Resistance:\nHidden as White-Helmets ?\xe2\x80\xa6'
"b'After week of #walkbacks designed to get #angry #Republicans back on his side, @realDonaldTrump #flipflops again &amp;\xe2\x80\xa6 https://t.co/VxZUqi4DNc'"
"b""RT @LifeAfterMyWife: 4 weeks after my wife's death #southessexhomes give me notice to quit. How cruel, heartless been married 25yrs and liv\xe2\x80\xa6"""
b'RT @OccupySchagen: #Occupy: The #Rats #Flee the #Sinking #RegimeChange in the #Angry #Syrian #Sea of #Resistance:\nHidden as White-Helmets ?\xe2\x80\xa6'
b'#samsung #mobile #fraudsters #excesscharge #CustomerExperience #CustomerService #thieves #no phonenumber to report\xe2\x80\xa6 https://t.co/PueLBRSuz6'
"b""RT @LifeAfterMyWife: 4 weeks after my wife's death #southessexhomes give me notice to quit. How cruel, heartless been married 25yrs and liv\xe2\x80\xa6"""
"b""RT @LifeAfterMyWife: 4 weeks after my wife's death #southessexhomes give me notice to quit. How cruel, heartless been married 25yrs and liv\xe2\x80\xa6"""
b'@CPWTweets #stillunhappy got DM\xe2\x80\x99d following my previous tweet and they couldn\xe2\x80\x99t appear to have cared less just trot\xe2\x80\xa6 https://t.co/hQDs48UgJx'
"b""RT @LifeAfterMyWife: 4 weeks after my wife's death #southessexhomes give me notice to quit. How cruel, heartless been married 25yrs and liv\xe2\x80\xa6"""
"b""RT @LifeAfterMyWife: 4 weeks after my wife's death #southessexhomes give me notice to quit. How cruel, heartless been married 25yrs and liv\xe2\x80\xa6"""
b'@CarersIreland Looks like we need personal budgets for d aged so they can get the support they need with govt faili\xe2\x80\xa6 https://t.co/Dxlmc4WMRH'
b'RT @PsychVictims: @_d_a_n_i_e_l__b @Phrygi2 @Librepalabra @vandman777 @DaPeaple @mark_shepparduk @downunderabc123 @An0nKn0wledge @ReformThe\xe2\x80\xa6'
b'RT @OccupySchagen: #Occupy: The #Rats #Flee the #Sinking #RegimeChange in the #Angry #Syrian #Sea of #Resistance:\nHidden as White-Helmets ?\xe2\x80\xa6'
b'RT @PsychVictims: @_d_a_n_i_e_l__b @Phrygi2 @Librepalabra @vandman777 @DaPeaple @mark_shepparduk @downunderabc123 @An0nKn0wledge @ReformThe\xe2\x80\xa6'
b'@_d_a_n_i_e_l__b @Phrygi2 @Librepalabra @vandman777 @DaPeaple @mark_shepparduk @downunderabc123 @An0nKn0wledge\xe2\x80\xa6 https://t.co/CiRBnJFEpj'
"b""RT @LifeAfterMyWife: 4 weeks after my wife's death #southessexhomes give me notice to quit. How cruel, heartless been married 25yrs and liv\xe2\x80\xa6"""
b'#Occupy: The #Rats #Flee the #Sinking #RegimeChange in the #Angry #Syrian #Sea of #Resistance:\nHidden as White-Helm\xe2\x80\xa6 https://t.co/zzfEPgaQMU'
b'RT @becbrownmakeup: So #coles if you are so committed to reducing plastic can you please explain those ridiculous miniature products you ar\xe2\x80\xa6'
"b""RT @LifeAfterMyWife: 4 weeks after my wife's death #southessexhomes give me notice to quit. How cruel, heartless been married 25yrs and liv\xe2\x80\xa6"""
"b""RT @LifeAfterMyWife: 4 weeks after my wife's death #southessexhomes give me notice to quit. How cruel, heartless been married 25yrs and liv\xe2\x80\xa6"""
"b""RT @LifeAfterMyWife: 4 weeks after my wife's death #southessexhomes give me notice to quit. How cruel, heartless been married 25yrs and liv\xe2\x80\xa6"""
"b""I really hate the German word 'dickenschmelzwetter' (transl. fat people melting weather). As if only fat people wer\xe2\x80\xa6 https://t.co/p6Kt3wxcV7"""
"b""RT @LifeAfterMyWife: 4 weeks after my wife's death #southessexhomes give me notice to quit. How cruel, heartless been married 25yrs and liv\xe2\x80\xa6"""
"b""Monday mornings are the worst aren't they? Share a moan with MoanRantWhine ~ #Rant #Whine #Moan #MoanDay #Angry #FedUp #TweetItOut"""
b'So #coles if you are so committed to reducing plastic can you please explain those ridiculous miniature products yo\xe2\x80\xa6 https://t.co/ZXtNCSYZnd'
"b'@Airbnb when someone is asking for a manager due to a A$1000+ mix up, get the manager. Don\xe2\x80\x99t let the call centre operator manage it. #angry'"
"b'RT @blockthecroc: Block, Kat-Kat, and Square Bear go for a run\n\n#BlockTheCroc #comic #comics #webcomic #webcomics #funny #cute #art #artwor\xe2\x80\xa6'"
"b""RT @LifeAfterMyWife: 4 weeks after my wife's death #southessexhomes give me notice to quit. How cruel, heartless been married 25yrs and liv\xe2\x80\xa6"""
"b'#Occupy: Photo\'s of 3 of the ""#White #Helmets"" (without their Helmets) that were Rescued by #Zionist #Occupiers fro\xe2\x80\xa6 https://t.co/ZeKDma71Me'"
"b""RT @LifeAfterMyWife: 4 weeks after my wife's death #southessexhomes give me notice to quit. How cruel, heartless been married 25yrs and liv\xe2\x80\xa6"""
"b'Activities for #Angry, #Worried Kids https://t.co/ywEeBgMRBn https://t.co/qaFOfvDEvA'"
b'@JetBlue #jfk #flight553 So after a 7 hour delay you finally #cancel our flight.  Now waiting over an hour for our\xe2\x80\xa6 https://t.co/76dT1yCrBP'
b'Be not #hasty in thy #Spirit to be #Angry: for anger #Resteth in the #Bosom of #Fools. Eccl 7:9'
b'@realDonaldTrump BE #angry with us and #DIE of this angry'
b'RT @Lads_Golf: My missus waving me off to golf this morning...\xf0\x9f\x91\x8b\xf0\x9f\x8f\xbc\xf0\x9f\x98\x82 #Golf #angry https://t.co/QokdGpl0br'
b'THE FACTS are lying in a hospital bed. THATS all the facts you need you dumb fucks. #ANGRY https://t.co/eEeim4HFc2'
b'@united Incredibly disappointing customer relations. We understand Orlando weather but you not having additional fl\xe2\x80\xa6 https://t.co/rHNPUmaT3S'
b'@brendonurie  #angry didn\xe2\x80\x99t even come out to sign stuff after even tho Haley and Arizona didn\xe2\x80\x99t preform which dissapointed a lot of people'
b'Just finished the finale of the Handmaid\xe2\x80\x99s Tale and ummmmm WTF JUNE #angry #HandmaidsTale'
"b'@realDonaldTrump #NEXTTIME ON: ""#Angry #trumpBaby Who Thinks A #War Is A Good Idea To Get Him Out Of #Impeachment\xe2\x80\xa6 https://t.co/G4eFNdoTFu'"
"b""Fuck this girl who kissed my boyfriend and confessed to him........ and had the audacity to tell him that he's gay\xe2\x80\xa6 https://t.co/zjmlGvJDgo"""
b'#Media friends visiting from #Mumbai watched #CNN today &amp; asked why the network HATES President Trump so much. They\xe2\x80\xa6 https://t.co/NduqV1AspE'
b'Trump was apparently spending the evening typing in Northern Idaho.  #CDA #Athol #Angry #ALLCAPS https://t.co/IFy4nXGzhg'
"b'#BkShivani\n#MantraToday \n\n""I am a #LovefulSoul\nI have a #beautiful #Relationship with #MyMIND\nEvery #hour\nI #pause\xe2\x80\xa6 https://t.co/CZJh0MXq91'"
"b""RT @NoHandSoccerMom: #angry me wanted to play #videogames and decided to play Battlefront...which I haven't played in over a year and was o\xe2\x80\xa6"""
"b""#angry me wanted to play #videogames and decided to play Battlefront...which I haven't played in over a year and wa\xe2\x80\xa6 https://t.co/X9I6pai6KW"""
b'Two Vehicle Car Collision: People Upset By A Camera\nhttps://t.co/STMWfkoVwm #Yucaipa #Police #Angry #Crash'
"b""RT @LifeAfterMyWife: 4 weeks after my wife's death #southessexhomes give me notice to quit. How cruel, heartless been married 25yrs and liv\xe2\x80\xa6"""
b'I despise you att \xf0\x9f\x98\x88why with just 3 minutes left of sho_theaffair on @sho_network do you throttle my stream. Not fai\xe2\x80\xa6 https://t.co/MMzUZP6hS6'
"b'RT @sunamutcer: @SundayNightOn7 @alextcullen @Channel7 This is one of the worst stories. Sickening that the cops did a crap job, sickening\xe2\x80\xa6'"
b'By people in #auspol doubling down on failure and continuing to pursue it with fixing standards so can claim a wort\xe2\x80\xa6 https://t.co/9Xz9XM7GKC'
b'RankUp \xf0\x9f\x93\x88\nMsg for pricing\xf0\x9f\x91\x80\nBuy a beat with rights\xf0\x9f\x92\xaf\nhttps://t.co/jV5j3u6yKk\n.\n.\n.\n#beats #beat #type #typebeat\xe2\x80\xa6 https://t.co/kXZ0AtLp4T'
b'This attitude and outlook of many #msm leftists shows clear when you look at how they comment and retweet.  #Angry\xe2\x80\xa6 https://t.co/WRsBqCFqhA'
"b""RT @LifeAfterMyWife: 4 weeks after my wife's death #southessexhomes give me notice to quit. How cruel, heartless been married 25yrs and liv\xe2\x80\xa6"""
"b""RT @LifeAfterMyWife: 4 weeks after my wife's death #southessexhomes give me notice to quit. How cruel, heartless been married 25yrs and liv\xe2\x80\xa6"""
"b""RT @LifeAfterMyWife: 4 weeks after my wife's death #southessexhomes give me notice to quit. How cruel, heartless been married 25yrs and liv\xe2\x80\xa6"""
"b""RT @LifeAfterMyWife: 4 weeks after my wife's death #southessexhomes give me notice to quit. How cruel, heartless been married 25yrs and liv\xe2\x80\xa6"""
"b""RT @LifeAfterMyWife: 4 weeks after my wife's death #southessexhomes give me notice to quit. How cruel, heartless been married 25yrs and liv\xe2\x80\xa6"""
b'@AppleSupport Called you for a problem the other day was on phone for an hour 99% of that on hold!! Been charged \xc2\xa32\xe2\x80\xa6 https://t.co/LgK1DhGMdm'
"b""RT @LifeAfterMyWife: 4 weeks after my wife's death #southessexhomes give me notice to quit. How cruel, heartless been married 25yrs and liv\xe2\x80\xa6"""
"b""RT @LifeAfterMyWife: 4 weeks after my wife's death #southessexhomes give me notice to quit. How cruel, heartless been married 25yrs and liv\xe2\x80\xa6"""
"b""RT @LifeAfterMyWife: 4 weeks after my wife's death #southessexhomes give me notice to quit. How cruel, heartless been married 25yrs and liv\xe2\x80\xa6"""
"b""RT @LifeAfterMyWife: 4 weeks after my wife's death #southessexhomes give me notice to quit. How cruel, heartless been married 25yrs and liv\xe2\x80\xa6"""
"b""RT @LifeAfterMyWife: 4 weeks after my wife's death #southessexhomes give me notice to quit. How cruel, heartless been married 25yrs and liv\xe2\x80\xa6"""
"b""RT @LifeAfterMyWife: 4 weeks after my wife's death #southessexhomes give me notice to quit. How cruel, heartless been married 25yrs and liv\xe2\x80\xa6"""
"b""RT @LifeAfterMyWife: 4 weeks after my wife's death #southessexhomes give me notice to quit. How cruel, heartless been married 25yrs and liv\xe2\x80\xa6"""
b'RT @TooFatLardies: If you can dream and not make dreams your master\nIf you can think and not make thoughts your aim\nIf you can meet with Tr\xe2\x80\xa6'
b'RT @SDVids: https://t.co/PSDs1VlW1l\nThe #BattleforAzeroth pre patch is out for @Warcraft and Ian HATES the class changes for #Warriors Find\xe2\x80\xa6'
b'When your Uber driver is bipolar. #uber #driver #bipolar #crazy #niceforwhat #strangerthings #memphis #psychology\xe2\x80\xa6 https://t.co/9GZimk508v'
b'RT @AnitaRoseDesign: Catering trolley even missed train #notdisabledfriendly #Disability  #transpennine #angry https://t.co/bwPGjaVdm6'
b'That goal has made me #angry'
b'@Lyricoldrap .@Lyricoldrap OML GUYZ HE TOTZ FOLLOWED ME \xe2\x9c\x85 \xf0\x9f\x85\xb1\xef\xb8\x8f #Real #NotFake #SelfAdvetiser #Rt #Like #Spam #Angry\xe2\x80\xa6 https://t.co/EoYAiamcx4'
"b""Dang I didn't realize I was so angry when I saw the mouse was in the shot \xf0\x9f\x98\x86\xf0\x9f\x93\xb8 lol \n.\n.\n. #angry #lol\n#Detail vid for\xe2\x80\xa6 https://t.co/ZIFPHGIAI5"""
